姓,名,姓（ひらがな）,名（ひらがな）,姓（カタカナ）,名（カタカナ）,姓（ローマ字）,名（ローマ字）,年齢,生年月日,性別,血液型,メールアドレス,電話番号,携帯電話番号,郵便番号,住所,会社名,クレジットカード,有効期限,マイナンバー
岩田,進,いわた,すすむ,イワタ,ススム,Iwata,Susumu,43,1979-02-02,Male,AB,iwata22_32287334@hotmaill.com,06-5310-5488,050-4034-0096,549-1644,大阪府藤井寺市沢田1丁目1番8号,株式会社アドバンス,3566541781858801,06/23,765506616561
岸田,雅也,きしだ,まさや,キシダ,マサヤ,Kishida,Masaya,55,1966-09-13,Male,B,kishida913_13443820@yahoo.co.jp,03-8412-7526,080-9121-0348,207-7807,東京都練馬区氷川台1丁目2番7号,株式会社三幸,5109551765600805,02/25,748136476917
葛西,亜利紗,かさい,ありさ,カサイ,アリサ,Kasai,Arisa,62,1959-11-11,Female,A,arisa_kasai_02537813@gmail.com,06-5179-8633,090-2188-8028,541-6174,大阪府大阪市中央区南本町3丁目3番地4号,,36839730650305,09/26,938403400104
松山,博之,まつやま,ひろゆき,マツヤマ,ヒロユキ,Matsuyama,Hiroyuki,71,1950-10-13,Male,O,hiroyuki_matsuyama_51706905@hotmaill.com,0930-48-1425,050-0095-0034,838-3747,福岡県福岡市早良区百道浜4丁目2番3号,,5585320041795869,07/27,348544271926
橋本,直樹,はしもと,なおき,ハシモト,ナオキ,Hashimoto,Naoki,28,1993-12-02,Male,O,hashimoto122_77826938@hotmaill.com,0796-23-6829,080-5962-5714,653-4055,兵庫県神戸市東灘区御影中町3丁目1番地3号,株式会社T＆S,371936837643150,07/24,540997634238
山田,将也,やまだ,まさなり,ヤマダ,マサナリ,Yamada,Masaya,76,1945-12-08,Male,A,yamada_128_42694593@gmail.com,03-2040-3402,050-0912-0145,145-9253,東京都江東区東砂2丁目2番地5号,,376148959495279,08/26,844664701085
山本,藍子,やまもと,あいこ,ヤマモト,アイコ,Yamamoto,Aiko,69,1953-06-20,Female,A,yamamoto_620_28985433@hotmaill.com,03-7683-2614,070-4265-6232,150-9432,東京都練馬区練馬3丁目1番3号,,36831232033528,02/27,466667664674
神川,真希,かみかわ,まき,カミカワ,マキ,Kamikawa,Maki,51,1971-07-21,Female,AB,kamikawa721_36385082@hotmaill.com,03-3083-8236,050-7129-2135,200-6289,東京都杉並区和泉1-1-20,有限会社池田商店,4907423028459170,12/24,485539497581
仲,祐子,なか,ゆうこ,ナカ,ユウコ,Naka,Yuko,69,1953-04-27,Female,AB,naka_yuko_79587347@gmail.com,0467-73-3833,080-5351-8367,258-1465,神奈川県横浜市旭区若葉台4丁目3番地6号,,30431050831131,07/25,849316442884
富田,健,とみた,けん,トミタ,ケン,Tomita,Ken,29,1992-11-03,Male,O,kentomita_57797122@yahoo.co.jp,03-0705-7061,050-7390-9368,148-5580,東京都八王子市明神町1-2-3,株式会社ナカシマ,30528385221720,07/24,160151185328
安藤,ありさ,あんどう,ありさ,アンドウ,アリサ,Ando,Arisa,25,1996-11-11,Female,A,ando_arisa_14477000@yahoo.co.jp,09802-0-5106,090-2518-7044,902-3179,沖縄県沖縄市中央2丁目1番3号,有限会社やまもと,377172456266875,03/25,456388425508
松下,正博,まつした,まさひろ,マツシタ,マサヒロ,Matsushita,Masahiro,48,1973-12-27,Male,B,matsushita_masahiro_61004397@hotmaill.com,03-0202-9253,090-8337-1056,161-2199,東京都港区港南2-1-19,株式会社サンテック,3555871958706324,02/25,285258453071
糸賀,和也,いとが,かずや,イトガ,カズヤ,Itoga,Kazuya,56,1965-12-25,Male,AB,itoga1225_95407023@gmail.com,06-2453-7253,050-2530-0630,560-0518,大阪府大阪市城東区永田3-3-3,株式会社リバティー,5350483838240417,10/25,854830284922
佐々木,孝治,ささき,こうじ,ササキ,コウジ,Sasaki,Koji,62,1959-11-15,Male,B,sasaki_1115_86277495@hotmaill.com,0586-74-4220,090-4603-9681,469-6737,愛知県名古屋市天白区島田2-3-14,,373115026624481,03/27,721510711830
石橋,浩二,いしばし,こうじ,イシバシ,コウジ,Ishibashi,Koji,39,1982-11-06,Male,B,ishibashi_koji_65072678@gmail.com,0797-84-8522,090-9217-5102,663-5169,兵庫県神戸市中央区御幸通1丁目3番地6号,株式会社中村工務店,30302655453375,04/26,935976495780
舟田,恵子,ふなだ,けいこ,フナダ,ケイコ,Funada,Keiko,40,1982-01-06,Female,A,funadakeiko_36196793@yahoo.co.jp,06-2673-1072,080-9586-5122,571-0531,大阪府大阪市西区新町1-3-22,有限会社トミタ,3540497035568418,09/23,515355868591
草野,哲治,くさの,てつじ,クサノ,テツジ,Kusano,Tetsuji,55,1967-02-14,Male,O,tetsuji_kusano_59126963@gmail.com,03-7778-1276,070-5496-1973,179-4739,東京都世田谷区野沢1-3-18,,5382823920534726,05/27,787353860429
前田,清司,まえだ,きよし,マエダ,キヨシ,Maeda,Kiyoshi,40,1981-08-23,Male,O,kiyoshi_maeda_04804986@hotmaill.com,03-8485-7841,050-8431-7465,177-5609,東京都立川市柏町3-2-10,株式会社コジマ,3547898078020113,10/25,876083313431
工藤,トオル,くどう,とおる,クドウ,トオル,Kudo,Toru,59,1963-04-10,Male,A,torukudo_85132833@yahoo.co.jp,03-2233-8370,080-0604-4573,206-6993,東京都港区虎ノ門3丁目2番5号,株式会社池田屋,5177598873617434,07/24,721866301939
山脇,修,やまわき,おさむ,ヤマワキ,オサム,Yamawaki,Osamu,23,1999-05-31,Male,O,yamawaki_osamu_78828908@yahoo.co.jp,082-898-1223,070-4186-1702,735-9337,広島県広島市安佐南区中筋1-5-804,株式会社メック,36859324754743,03/25,133635819278
長谷川,芳幸,はせがわ,よしゆき,ハセガワ,ヨシユキ,Hasegawa,Yoshiyuki,73,1949-06-15,Male,O,hasegawa_615_89273243@hotmaill.com,03-2258-3568,080-2561-0460,174-5588,東京都港区南麻布3-5-106,,371778061293025,07/27,447042729757
水落,勇佑,みずおち,ゆうすけ,ミズオチ,ユウスケ,Mizuochi,Yusuke,57,1965-01-11,Male,A,mizuochiyusuke_83512154@yahoo.co.jp,0494-65-8966,050-5682-0353,341-3521,埼玉県志木市下宗岡1-3-16,有限会社石川,370767202829715,06/27,277405233144
川島,明子,かわしま,あきこ,カワシマ,アキコ,Kawashima,Akiko,69,1953-02-10,Female,B,akikokawashima_01318990@gmail.com,0952-97-9663,080-0778-2142,847-0074,佐賀県佐賀市兵庫北4丁目2番3号,,4131364420482782,12/23,688911547378
岡田,隆博,おかだ,たかひろ,オカダ,タカヒロ,Okada,Takahiro,78,1944-04-02,Male,A,okadatakahiro_92707751@yahoo.co.jp,03-9696-2869,050-4007-2160,123-8018,東京都世田谷区玉川3-2-802,,370065228201823,12/23,854712309295
柴田,恵介,しばた,けいすけ,シバタ,ケイスケ,Shibata,Keisuke,79,1943-01-30,Male,O,shibata130_30198194@gmail.com,0460-51-3735,050-0073-0521,244-7187,神奈川県茅ヶ崎市浜竹2-2-606,,372583018406947,01/27,605981982630
松下,佳奈,まつした,かな,マツシタ,カナ,Matsushita,Kana,67,1954-08-10,Female,A,kana_matsushita_18740153@hotmaill.com,0276-77-6403,070-9936-7706,375-3803,群馬県前橋市若宮町1丁目3番地5号,,375218071664739,04/27,248192686271
原口,英治,はらぐち,えいじ,ハラグチ,エイジ,Haraguchi,Eiji,57,1964-09-21,Male,A,eijiharaguchi_92506187@yahoo.co.jp,03-1957-6456,090-0764-3599,159-8055,東京都世田谷区深沢1-5-10,株式会社一歩,377054390217729,12/26,094186112290
笠井,結香,かさい,ゆか,カサイ,ユカ,Kasai,Yuka,23,1999-01-13,Female,A,yuka_kasai_31764428@gmail.com,06-9182-0468,070-5766-1611,563-5039,大阪府吹田市千里山東1-5-9,,30151963194845,12/26,286663087569
森田,隆司,もりた,りゅうじ,モリタ,リュウジ,Morita,Takashi,45,1977-07-28,Male,O,takashi_morita_79751376@gmail.com,03-1587-1204,090-1014-0194,157-1255,東京都台東区千束1-1-1001,株式会社パール,5459681984815441,06/25,272635289490
松田,光世,まつだ,こうせい,マツダ,コウセイ,Matsuda,Mitsuyo,60,1962-05-02,Male,O,matsuda_mitsuyo_72926873@hotmaill.com,047-007-9606,080-5614-9571,289-0719,千葉県市川市北方町3-2-19,,3544924089111494,10/25,709861213853
寺田,千香子,てらだ,ちかこ,テラダ,チカコ,Terada,Chikako,45,1976-09-07,Female,B,chikako_terada_64248122@yahoo.co.jp,0153-64-5025,070-1743-6221,045-5077,北海道苫小牧市しらかば町3-5-1008,,5192212830562094,10/24,005103937185
星川,哲朗,ほしかわ,てつろう,ホシカワ,テツロウ,Hoshikawa,Tetsuro,69,1952-11-03,Male,O,tetsuro_hoshikawa_93445070@yahoo.co.jp,03-1982-3689,070-5777-8748,167-1284,東京都渋谷区代々木3丁目1番7号,,30577480161224,04/26,908802664399
赤坂,美香,あかさか,みか,アカサカ,ミカ,Akasaka,Mika,53,1969-01-15,Female,A,mikaakasaka_88117948@gmail.com,03-0155-5424,050-0142-3967,180-2698,東京都世田谷区上馬1-1-12,有限会社共和,3580082449869429,10/24,659091551995
今井,拓也,いまい,たくや,イマイ,タクヤ,Imai,Takuya,33,1988-09-26,Male,O,imai926_32794979@gmail.com,095-164-6548,070-0126-6945,859-7744,長崎県長崎市西山1-2-1209,有限会社マツモト,3528681826954186,04/24,370490949650
渡辺,真一,わたなべ,しんいち,ワタナベ,シンイチ,Watanabe,Shinichi,58,1963-08-23,Male,B,watanabe823_18238849@hotmaill.com,03-1174-3661,080-5323-1943,119-7418,東京都墨田区八広2-5-13,株式会社シンシア,3539603949394576,12/22,680036980150
加藤,正洋,かとう,まさひろ,カトウ,マサヒロ,Kato,Masahiro,70,1952-02-25,Male,A,masahirokato_90140334@yahoo.co.jp,03-8321-5966,050-8148-3068,156-3913,東京都文京区湯島2-2-3,,3551919875384750,07/25,342753817334
井口,愛,いぐち,あい,イグチ,アイ,Iguchi,Ai,47,1975-05-10,Female,A,aiiguchi_69324336@hotmaill.com,03-8135-1902,080-3405-2403,120-5980,東京都墨田区石原2丁目1番10号,株式会社大洋,5247510750655508,03/26,545555708307
山下,明香,やました,さやか,ヤマシタ,サヤカ,Yamashita,Sayaka,78,1944-02-21,Female,B,yamashita_221_12914301@gmail.com,0748-21-2317,070-1921-0700,528-2268,滋賀県大津市大江1丁目2番9号,,379283456324420,12/24,493848664916
江沢,佳明,えざわ,よしあき,エザワ,ヨシアキ,Ezawa,Yoshiaki,34,1988-02-09,Male,A,ezawayoshiaki_72507313@gmail.com,06-8990-2126,090-1331-4780,541-2224,大阪府大阪市北区西天満2-5-20,株式会社幸和,4955220161897666,09/26,594869029758
田中,麻依子,たなか,まいこ,タナカ,マイコ,Tanaka,Maiko,40,1982-01-03,Female,O,maiko_tanaka_12552175@gmail.com,0465-27-8777,090-9275-6196,225-8633,神奈川県横浜市鶴見区下末吉2-3-6,有限会社橋本工業,4358543976038330,01/27,103370651780
牧,誠治,まき,せいじ,マキ,セイジ,Maki,Seiji,23,1999-06-15,Male,O,maki615_06713009@gmail.com,0796-82-8125,080-6785-2094,650-9297,兵庫県神戸市西区春日台1-5-7,株式会社KRS,4799453627981614,07/26,744271226224
宮崎,卓也,みやざき,たくや,ミヤザキ,タクヤ,Miyazaki,Takuya,78,1943-10-05,Male,B,takuya_miyazaki_90185017@gmail.com,03-3243-5263,080-8095-6592,114-5133,東京都練馬区貫井2-5-12,,30197939832455,03/23,558605479899
村瀬,真美,むらせ,まみ,ムラセ,マミ,Murase,Mami,62,1960-04-09,Female,O,murase49_70187382@hotmaill.com,03-2431-4435,080-6700-5957,185-9046,東京都府中市浅間町2丁目3番6号,,372632724784939,02/26,939473968309
山川,春樹,やまかわ,はるき,ヤマカワ,ハルキ,Yamakawa,Haruki,22,1999-12-14,Unknown,B,yamakawa1214_90434602@hotmaill.com,03-5442-2357,070-6321-0589,127-1563,東京都渋谷区恵比寿3-1-9,株式会社HIT,5557161781313156,10/22,557275936612
芳田,智子,よしだ,ともこ,ヨシダ,トモコ,Yoshida,Tomoko,46,1976-06-29,Female,B,tomoko_yoshida_77536841@gmail.com,01564-8-1634,080-9237-6643,003-7865,北海道恵庭市住吉町2-1-3,有限会社小林商会,5499749029331070,05/26,552618136151
森井,吉晴,もりい,よしはる,モリイ,ヨシハル,Morii,Yoshiharu,52,1969-12-02,Male,O,morii122_66110355@gmail.com,049-920-4297,070-1511-4683,335-4166,埼玉県秩父市中村町2-1-16,有限会社アミューズ,373409819981053,12/22,274510717859
大槻,早苗,おおつき,さなえ,オオツキ,サナエ,Otsuki,Sanae,33,1988-09-14,Female,B,otsuki_sanae_01608127@yahoo.co.jp,03-9524-2935,070-9383-1400,149-7702,東京都小平市小川西町3-4-22,株式会社フローラ,4407806433785780,10/22,014402942291
山森,朝美,やまもり,あさみ,ヤマモリ,アサミ,Yamamori,Asami,80,1942-06-21,Female,AB,yamamori621_78161016@hotmaill.com,0164-50-5133,080-8650-0974,048-3070,北海道登別市新生町1-1-302,,4386321116943214,06/25,469208105343
西野,俊,にしの,しゅん,ニシノ,シュン,Nishino,Shun,47,1975-01-27,Male,O,nishino127_12012461@yahoo.co.jp,0152-55-4483,080-4046-0081,048-4894,北海道上川郡新得町屈足柏町3-4-9,有限会社藤商事,5150090002076865,12/25,648924556145
伊藤,光章,いとう,みつあき,イトウ,ミツアキ,Ito,Mitsuaki,22,2000-05-04,Male,O,itomitsuaki_81153228@yahoo.co.jp,03-5432-1217,070-4279-9806,109-3208,東京都西東京市向台町3-2-15,有限会社ベストライフ,5153766518018528,09/23,384309216850
山口,誠,やまぐち,まこと,ヤマグチ,マコト,Yamaguchi,Makoto,31,1990-08-13,Male,B,yamaguchimakoto_05215306@gmail.com,0255-89-4025,070-8975-7715,954-0091,新潟県長岡市高町2-1-4,有限会社アルバ,4576136609701584,02/26,228939866699
福永,瑠美,ふくなが,るみ,フクナガ,ルミ,Fukunaga,Rumi,52,1970-06-15,Female,B,fukunagarumi_60564904@yahoo.co.jp,03-2144-9211,090-3907-4340,104-3009,東京都渋谷区東3-2-11,株式会社ヨコヤマ,4439251692924824,10/25,692341431319
吉澤,貴志,よしざわ,たかし,ヨシザワ,タカシ,Yoshizawa,Takashi,56,1966-01-16,Male,O,yoshizawa116_48060928@hotmaill.com,06-7682-7771,050-1305-5202,599-4838,大阪府大阪市都島区都島本通1-2-21,株式会社山本工務店,3552219239090303,12/22,505281189993
水野,ともよ,みずの,ともよ,ミズノ,トモヨ,Mizuno,Tomoyo,75,1946-10-19,Female,B,tomoyomizuno_65573139@hotmaill.com,0463-13-9200,080-7810-6580,228-5207,神奈川県茅ヶ崎市浜竹1-1-1108,,4270668410165400,07/27,846017806544
田口,洋一,たぐち,よういち,タグチ,ヨウイチ,Taguchi,Yoichi,27,1995-05-29,Male,O,taguchi529_30162903@hotmaill.com,015-892-5533,050-2358-1539,058-4000,北海道札幌市手稲区富丘二条4丁目3番9号,山田工業株式会社,5367907127345991,10/26,293992645498
鈴木,睦,すずき,むつみ,スズキ,ムツミ,Suzuki,Mutsumi,73,1949-07-16,Male,O,suzuki716_61589601@yahoo.co.jp,0799-40-2436,090-3994-5540,652-4693,兵庫県神戸市垂水区川原3丁目1番5号,,374007473618646,06/23,062866997786
中尾,佑美,なかお,ゆみ,ナカオ,ユミ,Nakao,Yumi,70,1951-12-23,Female,O,yumi_nakao_71095993@gmail.com,03-2122-8350,090-7860-2017,180-7859,東京都台東区元浅草1-4-609,,3546744256403328,09/22,720854877812
安東,良介,あんどう,りょうすけ,アンドウ,リョウスケ,Ando,Ryosuke,65,1957-02-16,Male,O,ando_216_03740923@gmail.com,0438-15-0813,090-7987-7050,288-9072,千葉県市川市八幡1丁目3番5号,,36867852206317,02/25,074671172144
廣田,保子,ひろた,やすこ,ヒロタ,ヤスコ,Hirota,Yasuko,47,1974-09-06,Female,O,hirota96_57302433@hotmaill.com,06-0621-8523,090-1050-8483,590-8319,大阪府豊中市岡上の町1-5-704,株式会社オンリーワン,3578684649800833,12/22,199103388687
田中,功,たなか,いさお,タナカ,イサオ,Tanaka,Isao,25,1997-01-29,Male,B,tanaka129_31321431@yahoo.co.jp,0576-98-2960,090-1165-5696,501-4771,岐阜県岐阜市山吹町3-3-309,有限会社アラキ,4935493377264758,09/24,710974308611
福田,健,ふくだ,けん,フクダ,ケン,Fukuda,Ken,41,1981-03-11,Male,B,ken_fukuda_60366780@yahoo.co.jp,03-8909-1909,090-8036-2265,147-7732,東京都東大和市向原3-5-602,株式会社カワイ,3549340166149304,09/25,143374038457
中原,将人,なかはら,まさと,ナカハラ,マサト,Nakahara,Masato,36,1986-05-24,Male,B,nakahara_524_82701029@hotmaill.com,03-1614-0981,050-6943-8797,108-5625,東京都三鷹市野崎1丁目2番地10号,,4202290607467797,12/24,075725528957
松本,貴久,まつもと,たかひさ,マツモト,タカヒサ,Matsumoto,Takahisa,66,1955-10-05,Male,A,matsumoto105_46516988@gmail.com,0480-66-5311,070-3179-8079,334-0884,埼玉県さいたま市浦和区岸町3-4-22,,3583624890604354,06/24,183133405558
栃原,美子,とちはら,よしこ,トチハラ,ヨシコ,Tochihara,Yoshiko,75,1946-11-02,Female,O,yoshikotochihara_74637745@yahoo.co.jp,0563-94-4683,050-2857-8127,458-1987,愛知県春日井市六軒屋町2丁目3番8号,,4502011279867180,03/23,049405453729
堀,多恵,ほり,たえ,ホリ,タエ,Hori,Tae,63,1959-03-26,Female,A,tae_hori_18760997@gmail.com,0790-20-3078,080-4161-0799,667-1762,兵庫県西宮市名塩南台1-2-3,,5311793588798085,12/24,032744676346
佐藤,康佑,さとう,こうすけ,サトウ,コウスケ,Sato,Kousuke,69,1952-12-17,Unknown,O,sato_1217_60404378@yahoo.co.jp,0845-86-1521,080-3943-6426,724-5796,広島県広島市西区庚午北2-4-9,,4574426032396215,02/24,309685608309
小林,佳典,こばやし,よしのり,コバヤシ,ヨシノリ,Kobayashi,Yoshinori,46,1976-01-04,Male,B,yoshinorikobayashi_13207395@yahoo.co.jp,0823-87-8615,050-3467-5581,725-7500,広島県呉市川尻町西1-5-1102,有限会社ミズノ,376182236614295,07/25,062706931517
福澤,孝祐,ふくざわ,こうすけ,フクザワ,コウスケ,Fukuzawa,Kosuke,79,1942-10-17,Male,A,kosukefukuzawa_87531560@hotmaill.com,0494-32-0496,080-7073-3051,335-5590,埼玉県さいたま市南区内谷1-4-11,,371658561347481,03/25,665660342054
山口,健志,やまぐち,けんじ,ヤマグチ,ケンジ,Yamaguchi,Takeshi,46,1975-12-13,Male,B,takeshi_yamaguchi_44193018@yahoo.co.jp,06-7004-0131,080-2919-2596,558-1665,大阪府大阪市都島区中野町2-3-19,株式会社オフィスK,5594039306941088,11/25,237811329916
鈴木,隆司,すずき,りゅうじ,スズキ,リュウジ,Suzuki,Takashi,39,1982-12-05,Male,A,suzuki_125_10433511@hotmaill.com,03-1864-4076,050-7941-3223,120-3921,東京都墨田区亀沢3-5-14,株式会社フレンド,36815397699207,11/24,070523621350
藤井,光宏,ふじい,みつひろ,フジイ,ミツヒロ,Fujii,Mitsuhiro,22,2000-07-05,Male,AB,fujiimitsuhiro_03257144@yahoo.co.jp,093-496-6215,080-5325-8713,809-4804,福岡県福岡市南区横手4丁目1番地4号,,370699884017048,09/25,081543561991
竹内,香,たけうち,かおり,タケウチ,カオリ,Takeuchi,Kaori,55,1966-10-02,Female,A,takeuchikaori_75859026@hotmaill.com,03-5991-4132,070-1466-8542,103-0735,東京都杉並区阿佐谷北4丁目2番地10号,有限会社クボタ,378799861069384,06/26,503699982611
中村,正隆,なかむら,まさたか,ナカムラ,マサタカ,Nakamura,Masataka,67,1954-09-15,Male,A,nakamuramasataka_91863709@yahoo.co.jp,0142-30-3939,050-9881-9875,047-0626,北海道札幌市西区八軒三条西4丁目3番7号,,36893816487819,10/24,064189394010
森田,圭輔,もりた,けいすけ,モリタ,ケイスケ,Morita,Keisuke,63,1959-06-16,Male,A,morita616_75606321@yahoo.co.jp,03-7965-3681,090-7316-4676,172-4125,東京都中野区中央3-3-4,,372811272171646,09/23,651236241859
橋本,忠彦,はしもと,ただひこ,ハシモト,タダヒコ,Hashimoto,Tadahiko,50,1971-11-22,Male,O,tadahiko_hashimoto_41670039@gmail.com,0493-01-0249,080-3636-2508,330-6985,埼玉県川口市東領家1-1-603,有限会社ライフサポート,4512359129120922,04/23,410706497521
松井,恭介,まつい,きょうすけ,マツイ,キョウスケ,Matsui,Kyosuke,66,1956-01-30,Male,O,kyosukematsui_20490042@yahoo.co.jp,0495-37-8354,090-1417-2257,349-7108,埼玉県八潮市八潮1丁目2番地8号,,4129647359460496,03/27,215104674050
佐々木,雅之,ささき,まさゆき,ササキ,マサユキ,Sasaki,Masayuki,55,1967-03-15,Male,B,sasaki315_16272662@hotmaill.com,0586-41-4273,050-1261-1502,473-9154,愛知県名古屋市中区千代田4丁目2番地6号,株式会社ネットワーク,5292760891712734,06/27,126687196833
松尾,淳子,まつお,じゅんこ,マツオ,ジュンコ,Matsuo,Junko,43,1979-02-21,Unknown,B,matsuo221_08133577@yahoo.co.jp,03-6776-5693,070-4630-2961,165-8494,東京都文京区本郷3-5-15,株式会社サクライ,3542220973831038,03/23,225237492619
長嶋,さくら,ながしま,さくら,ナガシマ,サクラ,Nagashima,Sakura,25,1996-09-14,Female,O,sakura_nagashima_50315490@gmail.com,03-0898-7114,090-5784-3641,166-9985,東京都江戸川区東小松川2-2-501,株式会社ベース,5446477032167695,03/25,917253621258
佐治,一幸,さじ,かずゆき,サジ,カズユキ,Saji,Kazuyuki,35,1987-01-19,Male,O,saji119_34537438@hotmaill.com,0948-98-4745,070-3688-8685,802-4603,福岡県筑紫野市二日市中央4丁目3番8号,有限会社アイビー,30292832847310,10/22,665734997783
樋口,シンジ,ひぐち,しんじ,ヒグチ,シンジ,Higuchi,Shinji,59,1963-05-24,Male,A,higuchi524_92568181@yahoo.co.jp,0467-09-0129,050-2541-3551,221-8992,神奈川県横浜市中区太田町1-5-8,有限会社村田商店,4815793656283873,03/24,249263979476
松尾,朋子,まつお,ともこ,マツオ,トモコ,Matsuo,Tomoko,51,1971-03-11,Female,A,matsuotomoko_85972695@yahoo.co.jp,06-7231-0822,080-9156-0038,561-0165,大阪府寝屋川市点野1-4-18,株式会社ハイテック,36843627338016,03/24,684705302282
沖田,豪,おきた,たけし,オキタ,タケシ,Okita,Go,24,1997-11-12,Unknown,A,okita_go_62556209@hotmaill.com,0889-02-7062,090-5718-0815,780-1299,高知県高知市薊野北町4丁目2番地4号,有限会社クリスタル,30156533538280,03/23,988916320685
鈴木,秀雄,すずき,ひでお,スズキ,ヒデオ,Suzuki,Hideo,40,1981-12-20,Male,O,hideo_suzuki_22403625@hotmaill.com,0167-27-4956,050-0125-7257,073-4626,北海道札幌市西区西町北3丁目1番5号,有限会社イースト,5249490641540763,12/22,321562556720
小林,好弘,こばやし,よしひろ,コバヤシ,ヨシヒロ,Kobayashi,Yoshihiro,63,1958-12-02,Male,A,yoshihirokobayashi_37200759@yahoo.co.jp,049-438-9277,050-7139-5973,361-7592,埼玉県川口市前川1-4-17,,3567840188900839,03/27,568832687045
清水,達哉,しみず,たつや,シミズ,タツヤ,Shimizu,Tatsuya,80,1942-01-05,Unknown,A,shimizutatsuya_14707774@yahoo.co.jp,06-5101-8440,080-8232-6337,557-3407,大阪府吹田市千里山西1-1-21,,4045181197403451,03/24,241673095086
奥山,学,おくやま,まなぶ,オクヤマ,マナブ,Okuyama,Manabu,75,1947-01-19,Male,B,okuyama_manabu_35490140@yahoo.co.jp,03-0828-0529,050-9527-5284,189-7414,東京都港区虎ノ門3-5-6,,4643963619150976,08/26,231930544932
篠原,ゆか,しのはら,ゆか,シノハラ,ユカ,Shinohara,Yuka,26,1995-10-28,Female,A,shinohara_yuka_67135994@hotmaill.com,06-3014-4989,080-5405-1019,552-5661,大阪府大阪市福島区玉川3丁目3番6号,有限会社富士商事,5203378140341201,12/26,577120143820
三輪,達郎,みわ,たつろう,ミワ,タツロウ,Miwa,Tatsuro,44,1977-11-29,Male,A,miwatatsuro_23230970@gmail.com,03-0187-8534,070-4074-6226,117-2595,東京都葛飾区東立石4丁目1番10号,株式会社アース,5208228952927024,11/22,474363025953
渡辺,友希,わたなべ,ゆき,ワタナベ,ユキ,Watanabe,Yuki,36,1986-03-12,Female,B,yukiwatanabe_69709857@gmail.com,09802-1-8237,080-1923-0830,908-0070,沖縄県那覇市おもろまち3-1-11,株式会社豊,3528301255774472,09/26,704358081964
田口,結子,たぐち,ゆうこ,タグチ,ユウコ,Taguchi,Yuko,45,1976-10-01,Female,A,yuko_taguchi_28694235@hotmaill.com,03-8263-1428,080-5265-0292,116-5562,東京都港区南青山3丁目1番7号,有限会社みどり,5257446970555904,04/26,774872029449
中嶋,聡史,なかじま,さとし,ナカジマ,サトシ,Nakajima,Satoshi,20,2002-02-10,Male,A,satoshinakajima_46305013@yahoo.co.jp,0948-90-1489,090-3442-7349,802-4406,福岡県宗像市日の里4丁目2番7号,有限会社クリーンサービス,5585346727978537,02/23,788240865382
中島,康明,なかじま,やすあき,ナカジマ,ヤスアキ,Nakajima,Yasuaki,59,1963-04-01,Male,A,yasuaki_nakajima_18053754@yahoo.co.jp,03-2923-7163,080-4014-9229,116-3979,東京都港区六本木3-2-20,有限会社高橋工務店,5545966017267686,08/26,921017541550
橋本,佑,はしもと,ゆう,ハシモト,ユウ,Hashimoto,Yu,73,1948-11-02,Male,A,hashimoto_112_42645844@hotmaill.com,0465-13-2365,080-7049-0548,258-7174,神奈川県横浜市鶴見区下野谷町2-2-14,,36880980483179,12/23,751091485210
玉村,由佳,たまむら,ゆか,タマムラ,ユカ,Tamamura,Yuka,57,1964-10-11,Female,AB,tamamura1011_77727301@yahoo.co.jp,03-2084-4997,090-2668-1482,101-4691,東京都品川区二葉3-3-19,有限会社井上製作所,3573889645549376,07/23,987323254655
水谷,楓,みずたに,ふう,ミズタニ,フウ,Mizutani,Kaede,25,1997-05-19,Female,O,mizutanikaede_09263988@hotmaill.com,0470-94-3210,070-1502-2619,289-1179,千葉県千葉市中央区中央2丁目2番8号,株式会社コーワ,30289197524658,12/23,787595484570
柴田,純一,しばた,じゅんいち,シバタ,ジュンイチ,Shibata,Junichi,49,1972-09-06,Male,AB,shibatajunichi_58533196@gmail.com,0465-02-4002,050-6723-0739,243-8328,神奈川県相模原市南区相模台2-1-17,有限会社マルヤマ,5518566757397504,07/24,078192637677
幸地,大,こうち,だい,コウチ,ダイ,Kouchi,Dai,71,1950-09-23,Male,A,dai_kouchi_11387329@yahoo.co.jp,0577-28-4725,090-5545-3162,502-2083,岐阜県岐阜市宇佐南2-3-3,,5503338785318135,11/22,889163020944
柴田,敏明,しばた,としあき,シバタ,トシアキ,Shibata,Toshiaki,65,1956-11-07,Male,B,shibatatoshiaki_49183040@yahoo.co.jp,03-3322-9783,080-6431-7730,120-5810,東京都文京区大塚2-4-4,,5403035437298829,02/27,344371626590
柏,一也,かしわ,かずや,カシワ,カズヤ,Kashiwa,Kazuya,54,1967-09-02,Male,O,kashiwakazuya_05832522@gmail.com,03-2362-4571,070-9380-4011,137-7074,東京都品川区上大崎1丁目1番地10号,有限会社トミー,373593808031069,09/24,971182612451
戸部,千春,とべ,ちはる,トベ,チハル,Tobe,Chiharu,55,1966-08-23,Female,AB,tobe823_90526351@yahoo.co.jp,03-6775-4666,090-9008-5167,109-6930,東京都西東京市芝久保町1-1-109,有限会社中央商事,4591393388021731,09/22,227359250783
永田,けいこ,ながた,けいこ,ナガタ,ケイコ,Nagata,Keiko,23,1999-08-03,Female,B,keiko_nagata_55396117@hotmaill.com,0125-18-5212,080-7821-4063,002-2659,北海道札幌市北区麻生町2-2-1102,有限会社ケイアイ,4067209053730684,10/24,431907314384
石井,治郎,いしい,はるお,イシイ,ハルオ,Ishii,Jiro,29,1993-07-31,Male,AB,ishii731_45867640@hotmaill.com,0167-89-3816,080-4134-2693,074-8975,北海道名寄市西四条南3-2-204,,4802683112027607,08/26,751419641940
寺内,真人,てらうち,まひと,テラウチ,マヒト,Terauchi,Masato,42,1980-02-17,Male,AB,terauchi217_23511766@gmail.com,03-3021-9573,050-8266-1444,160-7437,東京都昭島市玉川町1-3-17,有限会社柳屋,30236475939777,12/26,537032069847
梅本,良恵,うめもと,よしえ,ウメモト,ヨシエ,Umemoto,Yoshie,70,1952-06-08,Female,B,yoshieumemoto_48531996@hotmaill.com,0247-45-7697,090-1640-7339,975-9981,福島県郡山市安積町日出山1-5-706,,4191824656908989,05/24,382214442442
石黒,智博,いしぐろ,ともひろ,イシグロ,トモヒロ,Ishiguro,Tomohiro,26,1996-02-23,Male,B,ishiguro223_82583802@gmail.com,0798-12-2999,070-9290-6912,679-0473,兵庫県神戸市灘区青谷町1-4-10,有限会社中村,5126384077211502,07/23,621096951994
望月,秀之,もちづき,ひでゆき,モチヅキ,ヒデユキ,Mochizuki,Hideyuki,74,1948-03-18,Male,O,hideyuki_mochizuki_32331342@gmail.com,03-8837-3386,090-3712-4078,155-8193,東京都江戸川区春江町3丁目3番地9号,,30485768594910,05/27,144864058495
田中,朋子,たなか,ともこ,タナカ,トモコ,Tanaka,Tomoko,56,1965-10-22,Female,A,tanakatomoko_16570543@hotmaill.com,0463-72-6238,070-7774-6119,242-9108,神奈川県横浜市中区海岸通2丁目3番4号,株式会社ZERO,30183774679888,04/24,285422947510
久保木,葉子,くぼき,ようこ,クボキ,ヨウコ,Kuboki,Yoko,40,1982-04-04,Female,B,yokokuboki_61337994@yahoo.co.jp,03-3364-2231,080-8290-6273,156-0709,東京都新宿区西新宿2-1-11,株式会社マルコ,377688239682021,03/26,524682403119
中野,昇,なかの,のぼる,ナカノ,ノボル,Nakano,Noboru,72,1950-01-26,Male,A,noborunakano_72028853@gmail.com,03-1098-8828,090-7915-8847,192-6923,東京都江戸川区松江2-3-21,,30407736689150,03/27,948857837189
三宮,彩音,さんのみや,あやね,サンノミヤ,アヤネ,Sannomiya,Ayane,45,1977-01-23,Female,A,ayane_sannomiya_92902639@gmail.com,03-0446-8069,050-8969-5925,112-1296,東京都中野区江古田3丁目2番6号,有限会社加藤工業,36824464176636,02/24,093283814333
大野,智子,おおの,ともこ,オオノ,トモコ,Ohno,Tomoko,62,1960-04-09,Female,O,ohno_tomoko_55947042@hotmaill.com,03-8918-4455,070-3848-5214,166-9396,東京都葛飾区西新小岩3-4-16,,5409422801513013,06/23,748265892250
小倉,友輝,おぐら,ゆうき,オグラ,ユウキ,Ogura,Tomoki,75,1946-09-12,Male,O,ogura912_25146558@yahoo.co.jp,03-4129-6305,050-4460-3112,147-5765,東京都墨田区江東橋1-1-3,,3577456912012250,12/24,850823481580
池内,智也,いけうち,ともや,イケウチ,トモヤ,Ikeuchi,Tomoya,70,1951-09-20,Male,B,tomoyaikeuchi_90408924@yahoo.co.jp,0799-01-5814,090-3101-4843,660-5047,兵庫県神戸市中央区磯上通1-5-401,,4156792061226631,09/25,733515764728
島根,美香,しまね,みか,シマネ,ミカ,Shimane,Mika,29,1992-09-29,Female,A,shimane929_22884066@hotmaill.com,0586-56-8418,070-9621-5890,460-2167,愛知県半田市中町4丁目2番地7号,有限会社高橋組,4910634586704915,11/26,411030696298
中須,実,なかす,みのる,ナカス,ミノル,Nakasu,Minoru,75,1947-02-25,Male,B,minorunakasu_26212045@gmail.com,03-0429-1177,080-0475-2740,132-0568,東京都中央区銀座2-1-12,,3586069768262934,02/27,127368993280
三浦,和宏,みうら,かずひろ,ミウラ,カズヒロ,Miura,Kazuhiro,72,1949-12-28,Male,A,miurakazuhiro_78909010@hotmaill.com,03-7800-2266,070-5103-1781,113-7622,東京都葛飾区新小岩2-3-908,,4477392652476745,09/26,331411332698
福田,真一,ふくだ,しんいち,フクダ,シンイチ,Fukuda,Shinichi,54,1968-05-19,Male,B,fukuda_519_03270347@yahoo.co.jp,06-5591-5487,050-6996-2765,538-5216,大阪府大阪市淀川区西中島1丁目2番4号,株式会社グローイング,4720374349309955,02/23,987757988312
星野,裕哉,ほしの,ひろや,ホシノ,ヒロヤ,Hoshino,Yuya,38,1984-04-04,Male,B,hoshinoyuya_67468510@hotmaill.com,03-0715-0196,090-7768-5770,139-2718,東京都町田市原町田1-3-8,有限会社佐藤工務店,36807695213849,09/23,704654883979
山下,敏郎,やました,としろう,ヤマシタ,トシロウ,Yamashita,Toshiro,64,1958-07-16,Male,B,yamashitatoshiro_18686173@gmail.com,06-1641-9179,070-4387-0134,562-5841,大阪府大阪市平野区加美南1丁目1番地9号,,3576840683076423,09/22,783693921001
安田,雅代,やすだ,まさよ,ヤスダ,マサヨ,Yasuda,Masayo,42,1980-01-10,Female,AB,yasuda110_50633653@gmail.com,0776-68-5258,070-7737-2146,917-8536,福井県福井市御幸2丁目3番地9号,,3554841714162444,09/24,465280355634
中崎,ナオヤ,なかざき,なおや,ナカザキ,ナオヤ,Nakazaki,Naoya,75,1947-07-27,Male,O,naoyanakazaki_67585150@hotmaill.com,0137-92-1103,090-8393-0328,061-0985,北海道札幌市豊平区西岡二条1-3-15,,30170255676640,03/23,423005231947
石橋,一裕,いしばし,かずひろ,イシバシ,カズヒロ,Ishibashi,Kazuhiro,57,1964-11-01,Male,B,ishibashi_111_17003921@hotmaill.com,03-9467-8679,080-1942-5368,156-0204,東京都千代田区麹町3-1-3,株式会社ファイブスター,5282819941957384,07/24,741148609047
佐藤,幸恵,さとう,ゆきえ,サトウ,ユキエ,Sato,Yukie,67,1954-11-28,Female,O,sato_1128_34027499@yahoo.co.jp,0494-70-6865,050-9577-8649,337-4428,埼玉県戸田市美女木4丁目1番地9号,,379425122564729,07/25,835844615366
野村,功,のむら,いさお,ノムラ,イサオ,Nomura,Isao,80,1941-08-13,Male,A,nomura_isao_13636073@hotmaill.com,0797-05-3683,050-6274-6712,654-9745,兵庫県神戸市東灘区御影中町3丁目1番地3号,,3554785009349853,10/25,134063276576
長谷川,朗,はせがわ,ろう,ハセガワ,ロウ,Hasegawa,Akira,29,1992-11-26,Male,O,akira_hasegawa_73146706@yahoo.co.jp,0463-70-3106,050-0018-3803,238-2058,神奈川県海老名市国分寺台1-5-7,有限会社山崎商店,370247142540532,07/24,929845048877
吉野,智彦,よしの,ともひこ,ヨシノ,トモヒコ,Yoshino,Tomohiko,57,1964-08-30,Male,B,yoshino_830_54257208@gmail.com,03-4279-0757,050-2899-5103,191-3491,東京都渋谷区代々木3丁目1番4号,富士商事株式会社,30428482960447,10/25,565393417363
大和,祐輝,やまと,ゆうき,ヤマト,ユウキ,Yamato,Yuki,51,1970-11-11,Male,O,yamato1111_73216594@hotmaill.com,0185-02-1005,070-2555-1216,016-2966,秋田県秋田市土崎港東4丁目3番地3号,株式会社マツイ,374067664203293,03/23,434781014400
水野,佳佑,みずの,けいすけ,ミズノ,ケイスケ,Mizuno,Keisuke,50,1972-05-05,Male,O,mizuno_keisuke_15120982@gmail.com,0480-31-2252,050-4842-4151,334-1112,埼玉県北葛飾郡杉戸町杉戸2丁目3番3号,株式会社オズ,4308935262271701,05/25,330810710691
山本,哲也,やまもと,てつや,ヤマモト,テツヤ,Yamamoto,Tetsuya,75,1947-05-05,Male,B,yamamoto55_29085395@yahoo.co.jp,03-6849-0167,070-6556-5639,161-7295,東京都世田谷区桜上水3-5-203,,5333069246797148,10/23,496687321710
園田,健一,そのだ,けんいち,ソノダ,ケンイチ,Sonoda,Kenichi,68,1954-01-09,Male,A,sonoda19_49440908@hotmaill.com,03-1932-5484,070-4547-3541,130-7621,東京都中野区南台1-5-508,,3559285741156653,07/25,691208853646
並木,浩司,なみき,ひろし,ナミキ,ヒロシ,Namiki,Koji,22,1999-08-23,Male,O,namiki_koji_09484254@gmail.com,03-7956-2362,080-0036-4957,101-0377,東京都江戸川区一之江3-1-8,株式会社アルバ,36892599837976,09/23,308138949103
望月,昭彦,もちづき,あきひこ,モチヅキ,アキヒコ,Mochizuki,Akihiko,60,1961-12-06,Unknown,A,mochizuki_126_92800706@gmail.com,03-5412-6957,080-4548-9429,186-8619,東京都小金井市貫井南町2-3-12,,5543869440021971,08/22,432121209567
鈴木,大悟,すずき,だいご,スズキ,ダイゴ,Suzuki,Daigo,46,1976-07-29,Male,B,daigo_suzuki_27164978@gmail.com,03-5759-3730,080-7483-0297,147-0541,東京都中野区弥生町1-3-704,株式会社イズミ,4721977764976675,04/24,543512019149
中村,久直,なかむら,ひさなお,ナカムラ,ヒサナオ,Nakamura,Hisanao,53,1968-09-03,Male,A,nakamurahisanao_23056126@gmail.com,03-3549-3038,090-0513-1129,118-9626,東京都渋谷区神宮前2-4-1103,株式会社オービット,374040139335446,03/26,722815055883
杉浦,和子,すぎうら,かずこ,スギウラ,カズコ,Sugiura,Kazuko,66,1956-04-18,Female,A,sugiurakazuko_75719052@hotmaill.com,0848-16-1448,090-9521-5394,729-6979,広島県福山市松永町2丁目2番9号,,4248211283270400,11/25,317921178372
鶴,大輔,つる,だいすけ,ツル,ダイスケ,Tsuru,Daisuke,20,2002-05-29,Male,B,tsuru_daisuke_40114203@hotmaill.com,0476-43-4943,090-8208-7537,279-9780,千葉県船橋市習志野台1丁目3番地8号,株式会社伊藤商店,36826239978626,05/25,034091158860
相川,修,あいかわ,おさむ,アイカワ,オサム,Aikawa,Osamu,32,1990-03-25,Male,O,osamuaikawa_00400649@yahoo.co.jp,06-7449-9874,050-3902-6240,584-7301,大阪府大阪市都島区中野町2丁目1番地10号,株式会社エイム,3588296761243300,02/27,161606445281
長澤,耕二,ながさわ,こうじ,ナガサワ,コウジ,Nagasawa,Koji,68,1953-12-30,Male,O,kojinagasawa_71409574@yahoo.co.jp,06-6359-7351,050-6174-2763,546-7507,大阪府大阪市生野区桃谷1-5-18,,5269414574171847,02/23,900055670090
田澤,悠司,たざわ,ゆうじ,タザワ,ユウジ,Tazawa,Yuji,37,1985-04-15,Male,O,tazawa415_27754239@hotmaill.com,0493-76-2520,050-5685-6090,358-2882,埼玉県さいたま市北区宮原町2丁目1番地8号,有限会社たちばな,4505656136900140,01/26,996446514375
石本,裕也,いしもと,ゆうや,イシモト,ユウヤ,Ishimoto,Yuya,51,1971-07-18,Male,B,yuyaishimoto_13319100@yahoo.co.jp,03-9798-7531,090-4778-2212,100-1663,東京都千代田区外神田2-3-20,有限会社伊藤工業,378135944460896,12/26,055753653928
清水,英一郎,しみず,えいいちろう,シミズ,エイイチロウ,Shimizu,Eiichiro,76,1945-11-26,Male,B,eiichiro_shimizu_64941740@gmail.com,03-2706-4951,080-3238-6573,116-6146,東京都新宿区西新宿4丁目1番地6号,,4772328497120330,08/24,225310708935
若山,美恵,わかやま,みえ,ワカヤマ,ミエ,Wakayama,Mie,63,1959-08-01,Female,A,wakayama_mie_83877789@yahoo.co.jp,03-8606-5210,050-9020-7848,182-3779,東京都杉並区高円寺南4丁目1番6号,,3581814302242222,08/26,112451414537
小嶋,靖久,こじま,やすひさ,コジマ,ヤスヒサ,Kojima,Yasuhisa,65,1956-09-18,Male,O,kojima_918_05628062@gmail.com,0799-77-3011,080-6940-0481,668-8010,兵庫県神戸市灘区永手町3-4-1207,,377371190222679,03/26,104956999847
吉本,純子,よしもと,じゅんこ,ヨシモト,ジュンコ,Yoshimoto,Junko,35,1986-10-16,Female,A,yoshimoto1016_95878459@gmail.com,088-200-5364,050-0171-0104,783-4095,高知県高知市薊野北町3丁目3番3号,株式会社ライフパートナー,5192287318782844,11/22,211314446616
平田,鉄平,ひらた,てっぺい,ヒラタ,テッペイ,Hirata,Teppei,73,1949-03-17,Unknown,AB,teppeihirata_63953222@hotmaill.com,03-5113-3680,080-3744-7070,186-4199,東京都墨田区太平3-3-18,,36847440742999,11/24,425770814619
川村,登,かわむら,のぼる,カワムラ,ノボル,Kawamura,Noboru,61,1961-03-12,Male,O,kawamura_noboru_04563467@yahoo.co.jp,03-1380-6899,070-7736-6732,177-5622,東京都江戸川区南小岩4丁目1番地7号,,5578903809786359,03/24,266138118193
徳永,浩久,とくなが,ひろひさ,トクナガ,ヒロヒサ,Tokunaga,Hirohisa,78,1944-02-07,Male,A,tokunaga27_52701024@gmail.com,0493-16-2837,080-1881-3850,363-3146,埼玉県ふじみ野市亀久保1-2-1004,,5461042223151948,07/23,956210499101
秋野,芳美,あきの,よしみ,アキノ,ヨシミ,Akino,Yoshimi,26,1995-11-24,Female,O,akino_1124_88060956@gmail.com,06-8740-0133,070-3757-7158,581-5537,大阪府八尾市田井中4丁目3番7号,株式会社YSK,5341548670159388,04/24,264622990110
津崎,龍太郎,つざき,りゅうたろう,ツザキ,リュウタロウ,Tsuzaki,Ryutaro,60,1961-12-15,Male,B,ryutaro_tsuzaki_45003882@yahoo.co.jp,093-193-9436,050-1432-9856,831-8383,福岡県筑紫野市紫4丁目1番地6号,,4121271838776113,05/25,358170070919
小沢,慎治,おざわ,しんじ,オザワ,シンジ,Ozawa,Shinji,21,2000-12-09,Male,AB,ozawa_shinji_19653811@hotmaill.com,0797-36-6621,080-0154-0661,663-2290,兵庫県神戸市中央区加納町3-3-19,,3573348688747355,06/23,351382725724
小瀬,容子,こせ,ひろこ,コセ,ヒロコ,Kose,Yoko,69,1953-04-11,Female,O,kose_yoko_19028033@gmail.com,03-7135-2582,090-6284-6972,181-1683,東京都中央区日本橋室町2-5-16,,372682568762210,11/24,576976703196
大坂,聡,おおさか,あきら,オオサカ,アキラ,Osaka,Satoshi,57,1964-10-01,Male,A,satoshiosaka_52797166@hotmaill.com,03-7655-5521,090-0178-2575,117-1075,東京都豊島区東池袋3丁目2番5号,有限会社イケダ,3585769798882327,04/27,683993659061
池田,寿子,いけだ,ひさこ,イケダ,ヒサコ,Ikeda,Hisako,42,1980-04-23,Female,A,hisako_ikeda_33802770@hotmaill.com,0986-89-3277,070-8096-5561,890-3849,鹿児島県鹿児島市宇宿3丁目2番6号,株式会社コヤマ,378358429404896,07/24,805781537061
上田,枝里子,うえだ,えりこ,ウエダ,エリコ,Ueda,Eriko,25,1997-03-28,Female,O,ueda328_95361935@gmail.com,01466-9-6955,090-3944-9101,080-1952,北海道札幌市中央区大通東4丁目3番地8号,株式会社テクノス,4068457524491357,12/23,440924430656
相本,宏明,あいもと,ひろあき,アイモト,ヒロアキ,Aimoto,Hiroaki,27,1994-10-27,Male,O,hiroaki_aimoto_38528612@hotmaill.com,03-5636-8463,050-7107-3649,114-9170,東京都品川区二葉3-5-1005,株式会社東建,3545103595547447,02/24,296401424268
小川,和貴,おがわ,かずき,オガワ,カズキ,Ogawa,Kazutaka,32,1990-07-12,Male,A,ogawa_712_81871339@hotmaill.com,0463-89-1759,070-9552-3760,224-0073,神奈川県横浜市中区弁天通2丁目2番3号,,30065405924751,11/24,310748671411
浜田,宏,はまだ,ひろし,ハマダ,ヒロシ,Hamada,Hiroshi,38,1983-12-18,Male,A,hamada_1218_88522778@yahoo.co.jp,03-8113-0518,050-8405-1584,181-0990,東京都町田市木曽西1-1-606,株式会社大興,5419752676508641,07/23,947928120853
海老原,美登里,えびはら,みどり,エビハラ,ミドリ,Ebihara,Midori,39,1982-11-30,Unknown,O,midori_ebihara_45230105@yahoo.co.jp,0436-98-3380,080-9457-3623,294-0085,千葉県印西市木刈3-4-4,株式会社セレクト,3561282662204907,06/25,730131715089
杉本,貴敏,すぎもと,たかとし,スギモト,タカトシ,Sugimoto,Takatoshi,41,1981-03-31,Male,A,sugimoto331_77167322@gmail.com,0226-32-7040,050-9716-4836,985-0368,宮城県気仙沼市南町3-3-18,有限会社クエスト,5275562507122337,07/26,277485795652
藤野,幸恵,ふじの,ゆきえ,フジノ,ユキエ,Fujino,Yukie,35,1987-06-19,Unknown,A,fujinoyukie_01508308@gmail.com,03-7754-8918,080-1815-4764,122-4590,東京都港区南青山3-3-7,,370617082034722,03/24,078675833582
島田,香菜,しまだ,かな,シマダ,カナ,Shimada,Kana,43,1979-05-13,Female,O,shimada_513_68262045@gmail.com,092-590-1004,050-2343-7532,800-4151,福岡県久留米市東合川1丁目3番6号,株式会社KMC,4568251718594604,10/24,470308514397
松川,直人,まつかわ,なおと,マツカワ,ナオト,Matsukawa,Naoto,76,1946-02-07,Male,A,naotomatsukawa_43459052@gmail.com,06-3001-7537,050-7989-4754,556-3440,大阪府大阪市天王寺区勝山2丁目2番地9号,,4386462171416934,07/25,842045003290
小倉,裕記,おぐら,ゆうき,オグラ,ユウキ,Ogura,Hiroki,26,1996-07-20,Male,O,ogura_hiroki_89399809@hotmaill.com,0478-69-0098,080-7441-7487,261-8162,千葉県船橋市本町2-3-9,株式会社山田商店,5554456073302385,09/23,849066104678
高橋,航,たかはし,わたる,タカハシ,ワタル,Takahashi,Wataru,79,1942-11-03,Male,A,wataru_takahashi_59870045@hotmaill.com,0465-11-7185,050-2929-9610,250-7855,神奈川県藤沢市辻堂元町4丁目1番8号,,30418235337860,08/23,162940001722
津村,陽介,つむら,ようすけ,ツムラ,ヨウスケ,Tsumura,Yosuke,67,1954-08-23,Male,O,tsumura_yosuke_17535590@gmail.com,06-3670-6717,090-8336-7676,546-3735,大阪府大阪市中央区南船場4丁目2番地3号,,4525101969692072,04/24,921354820313
成瀬,修治,なるせ,しゅうじ,ナルセ,シュウジ,Naruse,Shuji,48,1973-10-26,Male,A,naruse_1026_17543723@hotmaill.com,0562-47-4615,070-2315-5038,484-4817,愛知県津島市大縄町4丁目2番10号,株式会社大勝,36834475960688,08/22,168873267923
山本,雅代,やまもと,まさよ,ヤマモト,マサヨ,Yamamoto,Masayo,32,1990-01-29,Female,A,yamamoto_129_69399230@hotmaill.com,08477-2-7473,050-9145-4393,726-2935,広島県広島市安佐北区亀崎3丁目2番10号,有限会社サクシード,5265237828960440,10/22,392705259890
加藤,みさき,かとう,みさき,カトウ,ミサキ,Kato,Misaki,58,1963-12-24,Female,O,kato1224_68624201@hotmaill.com,06-5905-2365,070-8858-5260,560-7987,大阪府大阪市西区北堀江1丁目2番6号,有限会社ユニバース,5114606991174844,01/27,971423151035
安藤,宏,あんどう,ひろし,アンドウ,ヒロシ,Ando,Hiroshi,72,1949-09-28,Male,O,ando928_41417499@yahoo.co.jp,01547-8-1836,080-1588-5523,079-4611,北海道札幌市手稲区富丘二条2-2-805,,4994794045851159,06/24,720043829389
北原,隼人,きたはら,はやと,キタハラ,ハヤト,Kitahara,Hayato,42,1979-09-26,Male,B,hayato_kitahara_16212949@yahoo.co.jp,03-9695-2029,080-8431-3974,166-3118,東京都中央区八丁堀2-3-908,株式会社YAMATO,5310614394058616,08/24,599744077248
稲葉,みどり,いなば,みどり,イナバ,ミドリ,Inaba,Midori,76,1945-12-09,Female,A,inaba_midori_46539082@gmail.com,0536-05-0583,070-2283-7464,440-3190,愛知県名古屋市昭和区桜山町3-4-7,,36842241696478,08/24,984099996048
猪股,玲奈,いのまた,れな,イノマタ,レナ,Inomata,Reina,34,1987-09-30,Female,O,reinainomata_82488428@hotmaill.com,0742-80-7478,090-2853-4832,634-2365,奈良県奈良市芝辻町1-3-608,株式会社幸和,4141318595352137,02/23,092947427085
西村,嘉一,にしむら,かいち,ニシムラ,カイチ,Nishimura,Yoshikazu,44,1978-03-21,Male,A,yoshikazunishimura_47630078@hotmaill.com,03-1066-1485,050-0211-5832,111-7182,東京都豊島区西池袋2丁目2番地8号,有限会社ドリーム企画,375276094411215,06/24,471671566877
斉藤,悟,さいとう,さとる,サイトウ,サトル,Saito,Satoru,55,1966-08-07,Male,A,saitosatoru_44201498@hotmaill.com,03-3342-0761,070-7253-4950,203-1869,東京都世田谷区太子堂3-5-10,株式会社コーヨー,5180012568749275,11/23,555298869570
高木,裕哉,たかぎ,ひろや,タカギ,ヒロヤ,Takagi,Yuya,53,1969-07-10,Male,O,yuya_takagi_21871572@yahoo.co.jp,03-9872-4212,080-1679-7417,126-2220,東京都千代田区飯田橋1丁目1番6号,株式会社ループ,4669037058394160,05/25,027563878466
白石,史朗,しらいし,しろう,シライシ,シロウ,Shiraishi,Shiro,71,1950-11-30,Male,AB,shiroshiraishi_22316817@hotmaill.com,046-138-1453,090-6586-8499,256-1067,神奈川県逗子市逗子4丁目2番3号,,377531769590836,06/25,770115981331
田丸,孝平,たまる,こうへい,タマル,コウヘイ,Tamaru,Kohei,78,1944-04-16,Male,A,tamarukohei_57833123@yahoo.co.jp,0794-74-4843,070-1989-1158,665-4713,兵庫県尼崎市築地北浜1丁目1番地9号,,374702335007521,12/22,154208353613
神尾,克彦,かみお,かつひこ,カミオ,カツヒコ,Kamio,Katsuhiko,58,1963-10-28,Male,B,kamio_1028_76862817@gmail.com,0568-91-3736,080-2731-9763,466-0250,愛知県名古屋市港区小碓2-3-3,アーク株式会社,4554563507271798,02/25,360832294540
原田,隆史,はらだ,たかし,ハラダ,タカシ,Harada,Takashi,58,1963-10-21,Male,A,takashi_harada_86680102@hotmaill.com,03-9427-2279,090-6033-4690,133-0999,東京都文京区湯島2-5-6,,4947160118877083,02/24,389639054629
寺尾,梢,てらお,こずえ,テラオ,コズエ,Terao,Kozue,34,1987-10-18,Female,A,terao_1018_97206027@gmail.com,01547-4-7591,080-5230-9653,099-9745,北海道札幌市北区北十三条西3-5-19,株式会社井上工業,3575860789073299,08/24,539866385706
北出,涼平,きたで,りょうへい,キタデ,リョウヘイ,Kitade,Ryohei,80,1942-02-08,Male,B,kitade28_07042721@hotmaill.com,06-3934-5009,090-8320-8215,530-2397,大阪府大阪狭山市今熊3丁目3番地6号,,3543812629343985,01/25,952396579325
安田,雅幸,やすだ,まさゆき,ヤスダ,マサユキ,Yasuda,Masayuki,80,1941-08-25,Male,B,yasuda825_41861337@yahoo.co.jp,03-5810-6235,050-9341-5624,117-0064,東京都葛飾区堀切4丁目1番地4号,,379449246088068,01/25,673980918607
権田,英樹,ごんだ,ひでき,ゴンダ,ヒデキ,Gonda,Hideki,29,1992-10-26,Male,AB,hidekigonda_31847257@gmail.com,03-5769-3229,090-0614-4235,171-6303,東京都世田谷区上野毛4丁目1番6号,株式会社プラム,3530263060606040,08/27,945743734666
松原,修作,まつばら,しゅうさく,マツバラ,シュウサク,Matsubara,Shusaku,41,1981-03-01,Male,O,shusakumatsubara_95598189@hotmaill.com,0467-65-2984,050-9617-7724,233-4549,神奈川県横浜市鶴見区馬場2-1-13,株式会社エリア,5412249326465444,02/25,020844945478
西原,智子,にしはら,ともこ,ニシハラ,トモコ,Nishihara,Tomoko,73,1948-08-16,Female,O,tomokonishihara_23106529@yahoo.co.jp,03-7451-5867,080-9546-7429,108-3847,東京都荒川区東日暮里3-1-5,,4881389746479925,12/24,368141365298
西川,和幸,にしかわ,かずゆき,ニシカワ,カズユキ,Nishikawa,Kazuyuki,59,1963-07-31,Male,AB,nishikawakazuyuki_00480847@gmail.com,0125-00-5741,050-1285-6401,080-7715,北海道北広島市大曲緑ヶ丘4丁目1番7号,株式会社扇屋,3554098341093076,03/23,131670802741
北村,あゆみ,きたむら,あゆみ,キタムラ,アユミ,Kitamura,Ayumi,34,1988-07-04,Female,O,kitamuraayumi_97030873@gmail.com,0892-38-6538,090-3853-8139,793-0958,愛媛県松山市畑寺2-3-14,株式会社コスミック,4666685057285319,09/22,841778637833
大塚,雄太,おおつか,ゆうた,オオツカ,ユウタ,Otsuka,Yuta,70,1951-11-10,Male,O,otsuka_1110_98928581@yahoo.co.jp,0234-43-9890,090-7137-6881,997-9428,山形県山形市桜田東4丁目3番5号,,377801396050912,04/24,763226228210
田村,章裕,たむら,あきひろ,タムラ,アキヒロ,Tamura,Akihiro,37,1984-09-02,Male,AB,akihirotamura_32369969@hotmaill.com,0584-76-5214,080-3448-8495,507-6097,岐阜県岐阜市柳ケ瀬通4丁目1番地7号,株式会社エフ,3541855077508866,03/24,004449317403
本田,一弘,ほんだ,かずひろ,ホンダ,カズヒロ,Honda,Kazuhiro,46,1975-08-10,Male,B,honda_810_21091697@hotmaill.com,0578-30-3655,090-7492-3050,501-4104,岐阜県多治見市赤坂町3-5-16,有限会社エムツー,36801693811852,03/26,135194839068
花谷,孝人,はなたに,たかひと,ハナタニ,タカヒト,Hanatani,Takato,28,1994-07-23,Male,O,hanatanitakato_85315746@yahoo.co.jp,0478-78-3554,050-1063-6855,273-8064,千葉県佐倉市中志津4丁目1番6号,株式会社いろは,3547061254299007,03/27,652291249024
佐藤,大助,さとう,だいすけ,サトウ,ダイスケ,Sato,Daisuke,57,1965-02-21,Male,O,sato_daisuke_70636826@yahoo.co.jp,0467-35-9460,070-8797-9841,221-3597,神奈川県平塚市四之宮4丁目1番6号,株式会社TAKUMI,379449996783389,04/23,988026381024
松永,智也,まつなが,ともや,マツナガ,トモヤ,Matsunaga,Tomoya,55,1966-10-31,Male,A,tomoya_matsunaga_33273662@gmail.com,03-8176-8872,070-0049-4412,103-7494,東京都東村山市久米川町3丁目2番地3号,株式会社鈴木製作所,3531818924224881,03/26,605097036399
沢村,祐子,さわむら,ゆうこ,サワムラ,ユウコ,Sawamura,Yuko,68,1954-05-16,Female,B,yukosawamura_20794781@hotmaill.com,0470-27-1615,070-3142-0061,271-5527,千葉県千葉市若葉区大宮台2丁目2番8号,,3577818323199986,09/23,071417238446
田辺,貴子,たなべ,たかこ,タナベ,タカコ,Tanabe,Takako,21,2000-11-22,Female,O,takakotanabe_67879969@hotmaill.com,0463-12-1662,050-9216-6150,256-8932,神奈川県平塚市真田2-5-605,,3558386874509857,09/24,192785671330
杉澤,貴大,すぎさわ,たかひろ,スギサワ,タカヒロ,Sugisawa,Takahiro,47,1974-09-15,Male,O,sugisawa915_28451377@yahoo.co.jp,0824-46-8604,080-7399-1442,735-2570,広島県広島市西区南観音2-3-5,株式会社中村工業,3557547917620453,08/24,487106681810
倉永,絢子,くらなが,じゅんこ,クラナガ,ジュンコ,Kuranaga,Ayako,30,1992-03-07,Female,AB,kuranaga_37_93756995@hotmaill.com,03-0189-2028,070-4559-4588,129-3484,東京都杉並区善福寺3丁目2番地9号,株式会社トレジャー,4191732901170562,01/26,410740470870
大野,朋美,おおの,ともみ,オオノ,トモミ,Ohno,Tomomi,44,1977-10-30,Female,B,tomomiohno_59169971@hotmaill.com,03-3454-4971,050-6111-9226,150-6757,東京都新宿区西新宿3-1-19,有限会社エイシン,36834428760987,06/24,431844664010
中沢,大佑,なかざわ,だいすけ,ナカザワ,ダイスケ,Nakazawa,Daisuke,22,2000-04-22,Unknown,O,daisukenakazawa_08393930@hotmaill.com,046-694-4981,090-5262-2720,259-5277,神奈川県逗子市逗子1-1-707,有限会社三喜,30273223635654,01/23,625063022314
前田,由紀美,まえだ,ゆきみ,マエダ,ユキミ,Maeda,Yukimi,41,1980-11-12,Female,A,yukimimaeda_82351843@yahoo.co.jp,03-5477-5242,070-7494-2139,136-6320,東京都武蔵村山市大南1-3-6,山本工業株式会社,5497565547393943,12/25,856935743496
北田,奈央,きただ,なお,キタダ,ナオ,Kitada,Nao,39,1983-05-09,Female,O,kitada59_94816581@hotmaill.com,09802-8-3869,080-9308-4118,900-8397,沖縄県沖縄市安慶田1-5-3,有限会社グローリー,3558379187929821,01/27,813079667154
河村,康行,かわむら,やすゆき,カワムラ,ヤスユキ,Kawamura,Yasuyuki,41,1981-01-21,Male,AB,kawamura121_51292856@gmail.com,0142-21-1013,050-4587-6219,061-6580,北海道札幌市中央区大通東3丁目1番6号,有限会社若葉,30052595035044,02/26,276901082486
和田,龍太郎,わだ,りゅうたろう,ワダ,リュウタロウ,Wada,Ryutaro,40,1982-02-14,Male,A,ryutarowada_45826167@yahoo.co.jp,09969-4-5528,050-0125-9418,893-1701,鹿児島県鹿児島市唐湊2丁目1番3号,有限会社秀栄,5424816887558985,04/23,231871643727
武藤,清乃,むとう,きよの,ムトウ,キヨノ,Muto,Kiyono,23,1998-11-13,Female,O,kiyonomuto_16608611@hotmaill.com,03-7641-2256,090-1487-3897,120-6312,東京都渋谷区神宮前1丁目1番7号,有限会社大阪屋,4105793146886623,07/27,197339553775
山口,一,やまぐち,かず,ヤマグチ,カズ,Yamaguchi,Hajime,36,1985-12-29,Unknown,B,yamaguchi_1229_31511347@yahoo.co.jp,0948-00-9454,080-8024-7968,808-0180,福岡県福岡市博多区博多駅南1-5-207,株式会社マルナカ,5307532677685506,12/24,020753287338
田中,光啓,たなか,みつひろ,タナカ,ミツヒロ,Tanaka,Mitsuhiro,49,1973-03-27,Male,A,tanakamitsuhiro_12053611@hotmaill.com,03-8569-5510,070-0408-0087,150-9977,東京都三鷹市中原1-3-8,有限会社アーネスト,4522529954948138,02/24,572892762264
勝野,英里,かつの,えり,カツノ,エリ,Katsuno,Eri,58,1964-03-22,Female,AB,katsuno_eri_67521509@hotmaill.com,03-3985-7488,070-0385-5323,100-0971,東京都江戸川区南篠崎町2-4-8,株式会社ビルド,4106994363919977,01/24,799065956754
伊藤,清司,いとう,きよし,イトウ,キヨシ,Ito,Kiyoshi,73,1949-04-14,Male,B,kiyoshi_ito_03549880@gmail.com,06-7270-0780,080-1482-0606,549-7574,大阪府東大阪市川田1丁目1番10号,,3565730455059736,09/23,455967823497
中嶋,悠,なかじま,ひさし,ナカジマ,ヒサシ,Nakajima,Yu,31,1991-06-14,Female,O,nakajimayu_69828842@yahoo.co.jp,0531-99-3347,050-2007-0115,480-8190,愛知県名古屋市東区砂田橋2丁目2番地8号,有限会社伊藤商会,4235314169800624,08/25,691661751633
堤,光平,つつみ,こうへい,ツツミ,コウヘイ,Tsutsumi,Kohei,47,1975-02-22,Male,A,tsutsumi222_74983818@gmail.com,017-085-5618,070-7193-8798,035-7966,青森県弘前市大字小比内2-2-18,有限会社アスカ,36835026435831,01/26,729702183286
佐々木,稔之,ささき,としゆき,ササキ,トシユキ,Sasaki,Toshiyuki,21,2000-12-12,Male,A,toshiyukisasaki_30490293@hotmaill.com,03-9045-4624,070-0256-3587,141-0440,東京都新宿区高田馬場3丁目3番地4号,有限会社朝日商事,4740032802898205,11/25,442010714306
森定,幸子,もりさだ,さちこ,モリサダ,サチコ,Morisada,Sachiko,70,1952-03-15,Female,B,sachiko_morisada_38932576@yahoo.co.jp,03-4461-3903,080-3765-8792,158-5705,東京都板橋区成増1-4-11,,4215461459840549,10/24,981326627500
福本,邦仁,ふくもと,くにひと,フクモト,クニヒト,Fukumoto,Kunihito,56,1965-10-08,Male,A,fukumotokunihito_93632438@yahoo.co.jp,044-948-8382,050-5382-6612,242-9995,神奈川県綾瀬市吉岡東4丁目2番7号,有限会社大東,5560291606767370,08/23,832269482791
成田,浩司,なりた,ひろし,ナリタ,ヒロシ,Narita,Koji,62,1960-07-16,Male,A,narita716_89574253@yahoo.co.jp,0465-76-0285,080-3846-5733,243-9647,神奈川県平塚市真田1-4-404,,3573738895257448,07/23,930255591972
植田,元子,うえだ,もとこ,ウエダ,モトコ,Ueda,Motoko,37,1985-03-06,Female,O,ueda_motoko_82355129@hotmaill.com,045-299-4485,080-7412-8594,234-0129,神奈川県川崎市麻生区万福寺1-3-19,株式会社サクライ,36864179596462,01/23,529145063354
加藤,諭史,かとう,さとし,カトウ,サトシ,Kato,Satoshi,30,1991-11-03,Male,B,katosatoshi_56193608@gmail.com,03-4445-7561,070-5822-2362,150-1631,東京都港区六本木2丁目1番地6号,株式会社テクノス,4363606896882864,08/23,394063515033
山口,恵美子,やまぐち,えみこ,ヤマグチ,エミコ,Yamaguchi,Emiko,65,1957-05-29,Female,B,yamaguchi_emiko_86430273@hotmaill.com,03-3717-0520,080-3786-1769,199-0008,東京都世田谷区用賀3-1-18,,36835308409637,12/26,056793082512
倉持,鈴子,くらもち,すずこ,クラモチ,スズコ,Kuramochi,Suzuko,64,1957-11-13,Female,AB,suzukokuramochi_51466735@yahoo.co.jp,0946-74-0542,070-6076-6901,830-6798,福岡県福岡市博多区住吉1-2-15,,5541577476617669,11/22,309422774212
西川,哲也,にしかわ,てつや,ニシカワ,テツヤ,Nishikawa,Tetsuya,62,1959-10-16,Male,A,nishikawa_tetsuya_88870697@yahoo.co.jp,0930-48-9618,070-0584-8654,809-4292,福岡県北九州市小倉南区長尾2-2-12,,3541687366333445,04/27,155606355320
犬飼,武史,いぬかい,たけふみ,イヌカイ,タケフミ,Inukai,Takeshi,51,1970-09-11,Male,A,inukai_911_01051964@yahoo.co.jp,03-6376-9623,080-0495-7179,198-3579,東京都世田谷区上祖師谷2-3-18,株式会社桜,3544717290728217,11/22,884785148598
伊藤,駿,いとう,しゅん,イトウ,シュン,Ito,Shun,79,1943-02-02,Male,B,shun_ito_68882299@gmail.com,0255-74-9992,050-6893-9324,944-2247,新潟県糸魚川市横町3丁目1番8号,,5595480839463431,12/26,778254531511
服部,慶彦,はっとり,よしひこ,ハットリ,ヨシヒコ,Hattori,Yoshihiko,52,1970-02-05,Male,O,hattori_25_98249974@gmail.com,03-7602-3085,070-6918-5653,110-9291,東京都荒川区東日暮里2-4-19,株式会社マルシン,3541851529070241,07/24,315740271637
青木,慶一,あおき,けいいち,アオキ,ケイイチ,Aoki,Keiichi,66,1956-04-19,Male,B,keiichiaoki_71905371@yahoo.co.jp,046-485-7299,070-1103-2565,225-0481,神奈川県横浜市金沢区釜利谷南3丁目2番4号,,379830929890567,09/22,695182752655
富岡,あゆみ,とみおか,あゆみ,トミオカ,アユミ,Tomioka,Ayumi,63,1959-04-26,Female,O,tomioka426_76894347@yahoo.co.jp,0465-20-7374,080-8563-2860,218-2015,神奈川県茅ヶ崎市浜竹1丁目2番5号,,3528805040183716,09/26,382021144975
竹本,葉子,たけもと,ようこ,タケモト,ヨウコ,Takemoto,Yoko,54,1968-02-08,Female,AB,takemoto_yoko_26186830@hotmaill.com,0943-27-8120,070-0769-0662,808-0104,福岡県福岡市早良区原2-3-4,有限会社ピュア,375827346708632,02/25,035079302110
森岡,さとこ,もりおか,さとこ,モリオカ,サトコ,Morioka,Satoko,45,1977-06-10,Female,B,moriokasatoko_52108001@hotmaill.com,03-2213-2968,070-5081-3278,167-7131,東京都墨田区太平3丁目2番7号,,3562779549974429,04/27,967846155633
石川,由紀子,いしかわ,ゆきこ,イシカワ,ユキコ,Ishikawa,Yukiko,38,1983-08-10,Female,A,yukiko_ishikawa_12283243@hotmaill.com,0495-28-1751,090-9733-1084,356-5110,埼玉県さいたま市岩槻区府内3-3-4,株式会社MKコーポレーション,3534992888027908,07/23,518302783747
吉永,尚美,よしなが,なおみ,ヨシナガ,ナオミ,Yoshinaga,Naomi,31,1991-03-15,Female,AB,yoshinaga_315_01863050@hotmaill.com,045-489-2696,050-2151-1238,221-2039,神奈川県横浜市中区相生町1丁目3番3号,有限会社アクセス,4801763546960879,08/24,978111625158
濱田,健司,はまだ,けんじ,ハマダ,ケンジ,Hamada,Kenji,63,1958-08-28,Male,B,hamada828_12597718@yahoo.co.jp,044-290-3368,050-6935-6564,229-1033,神奈川県横浜市鶴見区鶴見中央3丁目1番7号,,376600739097205,06/26,861471142935
春田,豊,はるた,ゆたか,ハルタ,ユタカ,Haruta,Yutaka,45,1977-01-01,Male,A,yutaka_haruta_10383098@gmail.com,03-2030-7614,090-7371-0627,180-7196,東京都港区新橋3丁目1番4号,アドバンス株式会社,30268947522634,08/25,417326391890
伊藤,桂子,いとう,けいこ,イトウ,ケイコ,Ito,Keiko,30,1991-12-03,Female,AB,ito_123_59249191@yahoo.co.jp,045-055-8045,070-2555-7234,255-8950,神奈川県相模原市中央区星が丘4丁目1番地5号,株式会社クライス,5479640228006981,03/25,173669981335
鶴,信一,つる,しんいち,ツル,シンイチ,Tsuru,Shinichi,43,1978-11-18,Male,B,shinichi_tsuru_13960882@hotmaill.com,04-2487-2554,080-6479-5132,353-9830,埼玉県さいたま市北区宮原町3-5-9,有限会社加藤商事,371968463343342,08/25,369935223915
佐藤,賢司,さとう,けんじ,サトウ,ケンジ,Sato,Kenji,65,1957-06-11,Male,A,sato_kenji_98872831@yahoo.co.jp,03-3309-7297,080-3228-8993,207-2861,東京都台東区台東3-5-1201,,30327676592869,05/23,714734426612
松本,忍,まつもと,しのぶ,マツモト,シノブ,Matsumoto,Shinobu,47,1974-09-13,Male,A,matsumoto_913_62300852@yahoo.co.jp,0795-43-9236,080-0841-9906,669-6250,兵庫県神戸市北区泉台3-5-508,有限会社サン企画,4921960742568127,09/22,623264783604
小林,智一,こばやし,ともかず,コバヤシ,トモカズ,Kobayashi,Tomokazu,69,1952-12-25,Male,AB,kobayashi_1225_08907688@yahoo.co.jp,0987-27-9900,090-4039-3795,882-3208,宮崎県延岡市大貫町2丁目2番4号,,36803167459986,11/24,799801390950
片岡,慎二郎,かたおか,しんじろう,カタオカ,シンジロウ,Kataoka,Shinjiro,44,1978-02-01,Male,O,shinjiro_kataoka_20048881@yahoo.co.jp,098-472-8994,050-7227-9878,908-5760,沖縄県宜野湾市志真志2丁目2番地4号,株式会社イレブン,377286997039441,11/25,817477077486
岩崎,学,いわさき,まなぶ,イワサキ,マナブ,Iwasaki,Manabu,66,1956-01-29,Male,A,manabuiwasaki_46083989@yahoo.co.jp,09802-7-2743,080-1386-0921,903-1153,沖縄県宜野湾市嘉数1丁目3番10号,,30401014563310,11/25,198080010057
吉川,裕介,よしかわ,ゆうすけ,ヨシカワ,ユウスケ,Yoshikawa,Yusuke,40,1982-05-15,Male,B,yusuke_yoshikawa_86861858@yahoo.co.jp,06-9664-4743,050-9463-6379,568-2208,大阪府大阪市中央区淡路町3丁目1番7号,株式会社プラスワン,5494821994929157,07/25,328139261432
佐藤,かおり,さとう,かおり,サトウ,カオリ,Sato,Kaori,52,1970-05-13,Female,B,sato_513_66011638@yahoo.co.jp,022-345-3816,090-6877-9206,985-8749,宮城県富谷市成田2丁目1番4号,有限会社中村屋,5592452612215307,09/24,617276351130
伊東,圭一,いとう,けいいち,イトウ,ケイイチ,Ito,Keiichi,52,1969-10-25,Male,A,ito_keiichi_82999635@hotmaill.com,03-7224-0506,050-9373-5529,149-2200,東京都港区南麻布2-2-9,株式会社アイアール,4723899735899885,07/26,829533753382
井浦,美保,いうら,みほ,イウラ,ミホ,Iura,Miho,75,1946-09-18,Female,A,iura_miho_45366083@gmail.com,03-8895-7080,070-6550-3859,194-1112,東京都台東区寿1丁目3番6号,,4528680389239025,09/26,528348334900
北村,ひろみ,きたむら,ひろみ,キタムラ,ヒロミ,Kitamura,Hiromi,47,1975-01-27,Female,A,kitamura_hiromi_01170467@yahoo.co.jp,03-2061-9987,080-3705-2433,181-3856,東京都港区三田1-2-3,有限会社リンクス,36800544595896,05/23,306709808089
北原,梨紗,きたはら,りさ,キタハラ,リサ,Kitahara,Risa,24,1997-10-15,Female,B,risa_kitahara_71598783@gmail.com,03-2046-6556,070-3500-3733,144-0935,東京都葛飾区四つ木2-2-20,有限会社ハヤシ,4606159014557676,11/22,276699524145
武村,明子,たけむら,あきこ,タケムラ,アキコ,Takemura,Akiko,73,1948-10-23,Female,B,akiko_takemura_83389656@yahoo.co.jp,0565-87-9248,070-4450-1357,456-8359,愛知県名古屋市千種区今池4丁目1番地5号,,4833152842467825,06/23,692263621297
久保,和成,くぼ,かずなり,クボ,カズナリ,Kubo,Kazunari,37,1985-01-21,Male,B,kubo_kazunari_63589203@gmail.com,045-802-0043,080-8385-0148,227-9769,神奈川県横浜市中区長者町1丁目2番地4号,有限会社ノーブル,3566106983334603,12/22,574724871158
伊藤,真太郎,いとう,しんたろう,イトウ,シンタロウ,Ito,Shintaro,63,1959-07-04,Male,O,shintaroito_62265644@gmail.com,0587-57-9482,090-7066-7840,452-9148,愛知県名古屋市北区大野町3丁目1番6号,,4137055279339479,06/24,730309468056
松林,仁,まつばやし,ひとし,マツバヤシ,ヒトシ,Matsubayashi,Hitoshi,65,1956-08-18,Male,B,hitoshi_matsubayashi_20579002@hotmaill.com,03-9496-3094,050-5336-1978,191-6299,東京都中央区日本橋室町3-4-6,,3560615204134150,11/23,470038994634
成田,智美,なりた,ともみ,ナリタ,トモミ,Narita,Tomomi,46,1976-01-16,Female,B,tomomi_narita_50074118@yahoo.co.jp,03-8151-2738,050-2407-0780,188-5690,東京都世田谷区代沢3-4-3,有限会社フルカワ,5302925589657222,03/23,962064272744
藤田,良太,ふじた,りょうた,フジタ,リョウタ,Fujita,Ryota,74,1948-02-20,Male,B,ryota_fujita_93905221@gmail.com,03-7063-3680,070-7121-4036,169-4003,東京都新宿区北新宿2-1-15,,4229048591164294,05/26,035043007597
本間,希実,ほんま,のぞみ,ホンマ,ノゾミ,Honma,Nozomi,71,1951-06-29,Female,O,nozomihonma_04081613@hotmaill.com,0463-64-6147,070-7090-0583,217-1842,神奈川県川崎市高津区二子3-3-18,,3581658982661379,02/23,587216115253
野口,裕美子,のぐち,ゆみこ,ノグチ,ユミコ,Noguchi,Yumiko,35,1987-01-06,Female,A,noguchiyumiko_77394080@yahoo.co.jp,044-713-8824,050-1623-3701,248-2781,神奈川県座間市相武台1-1-14,株式会社クレド,4474469460413079,02/27,300003616995
山本,知博,やまもと,ともひろ,ヤマモト,トモヒロ,Yamamoto,Tomohiro,44,1978-04-07,Male,A,yamamoto_tomohiro_69512995@hotmaill.com,01392-8-1270,050-1556-6783,042-7618,北海道札幌市手稲区手稲本町四条3-5-19,株式会社イースト,3563178351102105,10/22,606571374892
吉池,章太郎,よしいけ,しょうたろう,ヨシイケ,ショウタロウ,Yoshiike,Shotaro,77,1945-07-12,Male,A,yoshiike_712_04321065@gmail.com,03-9215-1287,050-9105-7279,198-6135,東京都江戸川区東葛西1丁目1番6号,,379756565330693,02/24,453520855992
伊藤,美代,いとう,みよ,イトウ,ミヨ,Ito,Miyo,32,1989-09-25,Female,A,ito_925_86151744@yahoo.co.jp,06-3055-7196,050-2017-5399,548-9493,大阪府大阪市天王寺区勝山3丁目2番10号,株式会社STEP,36805576419089,07/26,374609693590
堀田,かおり,ほった,かおり,ホッタ,カオリ,Hotta,Kaori,37,1984-09-24,Female,O,hotta_924_02339579@yahoo.co.jp,0557-96-9800,090-6203-6516,421-2403,静岡県静岡市葵区北2-1-18,有限会社加藤商事,379289636145114,02/25,844706194804
川原,玲子,かわはら,れいこ,カワハラ,レイコ,Kawahara,Reiko,43,1979-02-20,Unknown,A,reikokawahara_71850852@gmail.com,049-823-4522,070-6585-6412,359-4647,埼玉県さいたま市大宮区宮町3丁目2番5号,株式会社誠,4931322551882867,04/26,058216017860
石山,秀彦,いしやま,ひでひこ,イシヤマ,ヒデヒコ,Ishiyama,Hidehiko,57,1965-04-30,Male,A,hidehikoishiyama_91982248@yahoo.co.jp,079-923-8514,050-4755-3204,671-5857,兵庫県西宮市山口町上山口3-2-16,,36817330750600,09/26,090934214624
清水,佳嗣,しみず,よしつぐ,シミズ,ヨシツグ,Shimizu,Yoshitsugu,49,1973-01-01,Male,A,shimizuyoshitsugu_93177677@hotmaill.com,03-4901-9176,050-7761-8065,166-1549,東京都杉並区上荻1丁目1番地5号,株式会社三陽,30414441591499,11/25,559023841417
山本,成人,やまもと,なると,ヤマモト,ナルト,Yamamoto,Naruhito,59,1963-07-28,Male,B,yamamoto728_55474189@yahoo.co.jp,0480-76-4624,080-7781-1723,365-2076,埼玉県川口市朝日1丁目1番6号,有限会社鈴木,5134261135435556,10/23,915299463271
巽,和志,たつみ,かずし,タツミ,カズシ,Tatsumi,Kazushi,52,1969-09-18,Male,O,tatsumi918_58631509@gmail.com,042-781-9590,080-5645-8735,351-7637,埼玉県春日部市粕壁東1丁目3番地10号,株式会社サンズ,373804235216631,06/23,988093826340
飯沼,崇雄,いいぬま,たかお,イイヌマ,タカオ,Iinuma,Takao,70,1952-03-09,Male,A,takaoiinuma_38880833@gmail.com,03-1260-9491,050-2353-9623,148-8277,東京都台東区東上野2丁目2番地3号,,30147391198317,03/24,518823415620
岡本,悠,おかもと,ひさし,オカモト,ヒサシ,Okamoto,Yu,69,1953-06-10,Male,O,yu_okamoto_68216007@yahoo.co.jp,0439-47-1403,070-7782-7695,264-9249,千葉県柏市布施新町1-2-18,,30585495262382,01/25,333722526570
栗本,惠子,くりもと,けいこ,クリモト,ケイコ,Kurimoto,Keiko,73,1949-04-30,Female,AB,keikokurimoto_74894157@hotmaill.com,01558-4-0593,090-6343-4936,000-0106,北海道札幌市北区北十二条西2丁目1番地7号,,36880221134599,02/24,244404456900
大石,克己,おおいし,かつみ,オオイシ,カツミ,Oishi,Katsumi,51,1970-12-17,Male,O,oishi_1217_00170473@gmail.com,06-6479-9349,050-8126-4321,543-2572,大阪府大阪市中央区高麗橋2-5-10,有限会社ダイテック,3573163591746729,11/25,793234486420
山野辺,敏之,やまのべ,としゆき,ヤマノベ,トシユキ,Yamanobe,Toshiyuki,30,1992-07-11,Male,A,yamanobe_711_64275622@hotmaill.com,0949-69-1267,080-0283-3189,838-3359,福岡県福岡市東区香椎浜1丁目3番5号,有限会社グレース,379770343602844,12/24,652530073766
久保田,裕子,くぼた,ゆうこ,クボタ,ユウコ,Kubota,Yuko,70,1952-05-03,Female,B,kubota53_86448585@yahoo.co.jp,0966-00-1380,070-9554-6868,867-2174,熊本県熊本市西区池田1-4-1106,,30397955460344,10/25,233991528045
小林,裕也,こばやし,ゆうや,コバヤシ,ユウヤ,Kobayashi,Yuya,69,1952-12-09,Male,A,yuyakobayashi_14965340@yahoo.co.jp,0466-63-4333,070-1633-0569,218-8839,神奈川県横浜市港南区芹が谷2-2-14,,3576407458551277,03/25,738240645326
古川,誠人,ふるかわ,まさと,フルカワ,マサト,Furukawa,Makoto,35,1987-04-21,Male,B,furukawa_makoto_34022234@yahoo.co.jp,03-0489-6824,070-4009-6469,110-9900,東京都港区南青山3丁目1番6号,株式会社仁,379715876820719,05/26,610163930776
森,史,もり,ふみ,モリ,フミ,Mori,Fumi,54,1967-12-11,Female,A,fumimori_04612788@hotmaill.com,0948-58-5863,080-7341-2541,835-9656,福岡県福岡市博多区千代1丁目3番5号,株式会社大樹,370376082888195,11/26,931073901697
中村,義彦,なかむら,よしひこ,ナカムラ,ヨシヒコ,Nakamura,Yoshihiko,23,1998-10-06,Male,A,nakamura_yoshihiko_94630389@hotmaill.com,03-7180-6127,070-1721-2922,133-0893,東京都港区六本木2丁目3番地4号,株式会社イデアル,376398201634023,02/26,130388264129
森本,ようこ,もりもと,ようこ,モリモト,ヨウコ,Morimoto,Yoko,62,1959-10-05,Female,O,morimotoyoko_59580542@gmail.com,03-8076-8897,070-2659-8226,164-1450,東京都江東区亀戸1丁目2番3号,,5252273470581718,03/26,690099210180
小林,俊次,こばやし,しゅんじ,コバヤシ,シュンジ,Kobayashi,Shunji,32,1990-01-19,Male,B,kobayashi_119_39104875@hotmaill.com,045-243-0180,080-1948-2507,212-5306,神奈川県海老名市東柏ケ谷1丁目2番5号,株式会社フレンズ,371959452953837,04/23,227568026734
藤本,祐司,ふじもと,ゆうじ,フジモト,ユウジ,Fujimoto,Yuji,59,1962-09-09,Male,A,yujifujimoto_10345270@gmail.com,0495-68-9386,090-6941-6456,347-4749,埼玉県戸田市上戸田4丁目1番地5号,有限会社渡辺商事,5496001356306637,01/27,524294335462
田村,ゆりこ,たむら,ゆりこ,タムラ,ユリコ,Tamura,Yuriko,32,1989-09-12,Female,A,yurikotamura_71796761@gmail.com,0561-05-9349,050-7202-3683,453-5110,愛知県名古屋市南区鳴浜町3-3-4,株式会社ドリームファクトリー,3557193928990237,12/22,628320543370
荻野,幸也,おぎの,ゆきや,オギノ,ユキヤ,Ogino,Yukiya,58,1963-09-20,Male,O,ogino_920_00856327@hotmaill.com,0796-72-7515,050-4623-0345,677-7068,兵庫県神戸市長田区西山町2-2-802,有限会社マルキ,3562207965556801,08/24,821887004939
石神,優子,いしがみ,ゆうこ,イシガミ,ユウコ,Ishigami,Yuko,47,1975-07-02,Female,A,ishigamiyuko_74538543@gmail.com,03-5913-1383,050-9655-5444,100-4770,東京都大田区東糀谷3-2-7,株式会社ウエスト,4678497942480832,01/23,301461026737
佐々木,雄貴,ささき,ゆうき,ササキ,ユウキ,Sasaki,Yuki,41,1981-05-03,Male,B,sasaki_53_44666480@yahoo.co.jp,03-5685-8508,050-1413-2542,135-7653,東京都足立区東和3丁目2番4号,株式会社中村製作所,5162716658392760,05/23,320302798120
廣瀬,竜太,ひろせ,りょうた,ヒロセ,リョウタ,Hirose,Ryuta,29,1993-04-18,Male,O,ryuta_hirose_58166072@gmail.com,06-5993-7812,090-9527-8174,561-0540,大阪府大阪市東住吉区南田辺1-4-809,第一産業株式会社,30304144325446,09/25,440581472919
榎本,雅彦,えのもと,まさひこ,エノモト,マサヒコ,Enomoto,Masahiko,75,1947-01-05,Male,O,masahiko_enomoto_48050888@hotmaill.com,03-7553-2134,080-2069-2900,134-3228,東京都町田市原町田4丁目3番8号,,3548721333626350,05/25,336820151893
松崎,太,まつざき,ふとし,マツザキ,フトシ,Matsuzaki,Futoshi,46,1975-10-04,Unknown,O,matsuzaki_104_04488069@hotmaill.com,0465-11-1579,050-0055-1576,252-2963,神奈川県横浜市港南区港南台3-5-13,,373195264798726,04/25,614638924623
片山,拓人,かたやま,たくと,カタヤマ,タクト,Katayama,Takuto,31,1991-07-06,Unknown,A,katayamatakuto_05359163@yahoo.co.jp,0133-46-7136,050-0995-9079,052-7116,北海道苫前郡羽幌町南六条3丁目1番地6号,有限会社エバーグリーン,36885991215163,10/26,422795573838
小泉,学,こいずみ,まなぶ,コイズミ,マナブ,Koizumi,Manabu,37,1985-03-25,Male,B,koizumi_manabu_11168592@hotmaill.com,0495-18-6604,070-8103-1431,350-0714,埼玉県草加市稲荷2-4-7,株式会社アーネスト,374103524004199,06/23,829567507003
安江,治代,やすえ,はるよ,ヤスエ,ハルヨ,Yasue,Haruyo,57,1965-05-11,Female,B,yasue_haruyo_50302541@gmail.com,03-3693-7154,070-7402-4848,135-8246,東京都世田谷区深沢3-3-406,有限会社小林,5426743931104020,01/24,039036282260
平田,由佳,ひらた,ゆか,ヒラタ,ユカ,Hirata,Yuka,36,1986-02-27,Female,B,hirata227_78815941@gmail.com,0947-03-4128,050-9784-2011,836-4337,福岡県北九州市小倉北区片野3-3-3,有限会社アクセス,3559014590733879,05/26,877934765760
眞下,洋介,ましも,ようすけ,マシモ,ヨウスケ,Mashimo,Yosuke,80,1942-03-19,Male,AB,mashimo319_69996582@yahoo.co.jp,0547-92-0317,070-7224-3823,421-1296,静岡県浜松市中区佐鳴台2-1-1204,,4576139862521558,12/23,057477880632
安部,克幸,あべ,よしゆき,アベ,ヨシユキ,Abe,Katsuyuki,50,1972-06-18,Male,A,abekatsuyuki_77593064@hotmaill.com,0494-85-7542,050-7122-0672,365-2632,埼玉県川越市伊勢原町1-4-15,株式会社ウィン,372961094241810,02/27,596603772180
竹村,愛子,たけむら,あいこ,タケムラ,アイコ,Takemura,Aiko,50,1972-03-29,Female,B,takemura_aiko_96765770@hotmaill.com,06-1607-9052,050-6712-8720,579-9211,大阪府大阪市北区中之島3-5-903,有限会社成和,5582627010973373,01/26,168614348451
徳野,健児,とくの,けんじ,トクノ,ケンジ,Tokuno,Kenji,56,1966-03-19,Male,O,tokunokenji_57735982@hotmaill.com,03-7746-2668,080-4049-9665,204-6507,東京都武蔵村山市伊奈平1丁目3番10号,,4099303093973800,11/25,967956838787
河越,誠,かわごえ,まこと,カワゴエ,マコト,Kawagoe,Makoto,24,1998-07-23,Male,A,makoto_kawagoe_73602389@gmail.com,0779-72-4494,050-8156-7721,913-4881,福井県福井市花月3丁目2番地8号,有限会社ミヤモト,372972509279519,07/27,888941285237
木村,義男,きむら,よしお,キムラ,ヨシオ,Kimura,Yoshio,77,1944-10-17,Male,A,kimura1017_00010011@yahoo.co.jp,03-6295-1861,090-0456-3626,176-0077,東京都葛飾区奥戸2-3-901,,4192163604496709,10/22,638844522368
福井,友美,ふくい,ゆみ,フクイ,ユミ,Fukui,Tomomi,66,1956-01-23,Female,O,fukuitomomi_12337157@gmail.com,0460-99-9599,070-2276-5136,239-7229,神奈川県横浜市西区浅間町1丁目2番8号,,4649575198482457,04/24,009116506146
佐藤,信,さとう,しん,サトウ,シン,Sato,Makoto,33,1989-07-30,Male,AB,sato_makoto_76580484@gmail.com,0829-13-1085,050-1966-8954,720-1003,広島県広島市西区高須台3-5-17,昭和産業株式会社,376758888076857,10/25,687276322228
吉岡,啓介,よしおか,けいすけ,ヨシオカ,ケイスケ,Yoshioka,Keisuke,52,1970-04-25,Male,O,keisukeyoshioka_21370262@yahoo.co.jp,0566-65-6187,080-3261-3107,442-7908,愛知県豊橋市東脇1-5-902,有限会社インテック,3572345057266950,01/26,823605257662
鈴木,朋佳,すずき,ともか,スズキ,トモカ,Suzuki,Tomoka,53,1968-12-31,Female,O,suzuki_1231_63350371@hotmaill.com,046-265-2262,080-7323-1418,227-9933,神奈川県横浜市旭区中白根3-1-22,株式会社伊藤組,30240566904997,12/26,275151527174
岩田,友祐,いわた,ゆうすけ,イワタ,ユウスケ,Iwata,Yusuke,66,1956-06-06,Male,O,iwata_66_74462628@hotmaill.com,03-5696-1715,080-4010-6928,134-4885,東京都中央区銀座4丁目3番8号,,378391994528666,10/26,130650123922
磯貝,将司,いそがい,しょうじ,イソガイ,ショウジ,Isogai,Masashi,23,1999-03-05,Male,A,isogai35_19255193@yahoo.co.jp,047-240-1966,090-8228-8007,289-9592,千葉県船橋市新高根2-2-901,株式会社木村商店,374861923110665,04/27,607815478330
鷹野,香奈子,たかの,かなこ,タカノ,カナコ,Takano,Kanako,73,1949-01-31,Female,A,takano131_19458176@yahoo.co.jp,0761-04-4438,090-1222-4184,925-2906,石川県金沢市金石西1-4-14,,36842761586414,06/26,566429958990
横山,夏子,よこやま,なつこ,ヨコヤマ,ナツコ,Yokoyama,Natsuko,31,1990-08-07,Female,O,yokoyama_87_96376876@hotmaill.com,0460-34-9619,090-2629-4878,216-0670,神奈川県横浜市瀬谷区阿久和西1-4-12,有限会社キタムラ,5435666933631196,08/24,653091055388
能瀬,由美,のせ,ゆみ,ノセ,ユミ,Nose,Yumi,68,1953-08-17,Female,A,noseyumi_24523036@gmail.com,03-6249-5833,090-6764-7562,130-3054,東京都世田谷区松原3丁目3番5号,,4955345264349628,07/26,127278019748
板井,岳大,いたい,たけひろ,イタイ,タケヒロ,Itai,Takehiro,50,1972-07-11,Male,O,itai_711_44414043@yahoo.co.jp,03-2282-8079,070-1681-4212,155-5412,東京都東大和市中央3丁目2番5号,株式会社スクラム,30537527162361,12/23,503301096102
篠宮,由佳,しのみや,ゆか,シノミヤ,ユカ,Shinomiya,Yuka,29,1993-04-28,Female,O,shinomiya428_51519391@yahoo.co.jp,03-9219-6589,090-6783-2010,181-8895,東京都渋谷区代々木3-1-208,有限会社フジ,4187592574272186,01/27,529618975151
藤本,久也,ふじもと,ひさや,フジモト,ヒサヤ,Fujimoto,Hisaya,61,1960-12-03,Male,A,fujimoto123_07274634@gmail.com,0123-31-6680,050-9583-9472,066-8999,北海道北見市東三輪2-3-12,,3562111686483677,09/24,987726760992
小島,知世,こじま,ちせ,コジマ,チセ,Kojima,Tomoyo,45,1976-11-21,Female,AB,kojima_tomoyo_88408824@gmail.com,03-2709-9961,050-5905-4750,104-5580,東京都台東区東上野3-3-1207,株式会社レック,3531933194195123,03/27,665100965498
松岡,一樹,まつおか,かずき,マツオカ,カズキ,Matsuoka,Kazuki,53,1969-06-19,Male,AB,kazuki_matsuoka_45976404@yahoo.co.jp,0291-29-1658,080-3179-4089,303-8144,茨城県神栖市大野原4丁目3番地10号,,5171611124674363,07/26,172004340863
菊池,みずほ,きくち,みずほ,キクチ,ミズホ,Kikuchi,Mizuho,58,1963-12-25,Female,AB,mizuho_kikuchi_31046025@hotmaill.com,03-5478-6783,050-6012-7805,125-8050,東京都練馬区関町北1-4-904,株式会社KSC,5207571730171105,02/24,621636210506
荒井,織江,あらい,おりえ,アライ,オリエ,Arai,Orie,43,1979-07-03,Unknown,B,arai_orie_33045261@hotmaill.com,0466-93-6246,080-2923-0005,246-5956,神奈川県藤沢市鵠沼神明3-5-503,株式会社ネクストステージ,4153451220350237,09/26,089495543685
佐々木,英晃,ささき,ひであき,ササキ,ヒデアキ,Sasaki,Hideaki,52,1970-04-02,Male,AB,sasakihideaki_76532963@yahoo.co.jp,03-5929-0505,050-6286-8685,131-0387,東京都文京区千駄木4丁目2番地9号,株式会社アズ,36820723003702,10/24,827648493047
大久保,貴志,おおくぼ,たかし,オオクボ,タカシ,Okubo,Takashi,48,1973-09-29,Male,A,okubo_929_29434206@gmail.com,0827-84-1762,050-9102-4699,726-2294,広島県広島市佐伯区五月が丘4丁目2番地7号,,3570548824145959,12/22,263782417763
竹内,英嗣,たけうち,ひでつぐ,タケウチ,ヒデツグ,Takeuchi,Hidetsugu,45,1976-08-29,Male,B,takeuchihidetsugu_76972859@gmail.com,0495-46-7559,080-3704-0787,366-1661,埼玉県八潮市八潮1丁目2番地8号,有限会社インパクト,4497580519983145,07/25,759285306783
久保,慎一,くぼ,しんいち,クボ,シンイチ,Kubo,Shinichi,31,1991-07-20,Male,A,kubo720_83426936@gmail.com,0494-61-0863,050-6061-2797,341-8210,埼玉県さいたま市桜区西堀4丁目2番8号,有限会社タック,374777524778553,06/25,822771646280
豊村,笑子,とよむら,しょうこ,トヨムラ,ショウコ,Toyomura,Emiko,36,1986-03-10,Female,A,emiko_toyomura_36824540@yahoo.co.jp,03-4323-4928,090-3988-4318,183-8022,東京都三鷹市大沢2-3-17,株式会社プレジャー,373811122029274,08/25,754543882326
阿部,良介,あべ,りょうすけ,アベ,リョウスケ,Abe,Ryosuke,51,1971-05-07,Male,A,ryosuke_abe_26189520@gmail.com,03-2808-9278,090-0121-5938,166-5382,東京都墨田区太平1丁目3番地3号,有限会社三友商事,4648095585424401,07/25,859932326303
小柳,和彦,こやなぎ,かずひこ,コヤナギ,カズヒコ,Koyanagi,Kazuhiko,73,1948-09-19,Male,A,koyanagi_kazuhiko_68837653@yahoo.co.jp,0465-66-7305,090-8929-2049,222-1215,神奈川県横須賀市根岸町3丁目1番9号,,5350548297539390,03/26,529219657480
星山,奈緒美,ほしやま,なおみ,ホシヤマ,ナオミ,Hoshiyama,Naomi,55,1967-04-20,Female,AB,hoshiyama_naomi_45421939@yahoo.co.jp,0952-43-0988,050-6202-4100,846-1078,佐賀県佐賀市高木瀬東1-5-12,,3575929655555711,06/23,172624840041
鈴木,欣也,すずき,きんや,スズキ,キンヤ,Suzuki,Kinya,43,1979-04-21,Male,O,suzuki_421_39023896@gmail.com,03-6962-2423,080-6940-6177,188-8404,東京都港区赤坂3丁目3番8号,有限会社ウイングス,36841231463188,08/23,343941531800
永井,正人,ながい,まさと,ナガイ,マサト,Nagai,Masato,34,1988-01-29,Male,O,masatonagai_22612495@hotmaill.com,06-7996-2723,070-5666-7979,598-3803,大阪府大阪市東住吉区照ケ丘矢田1-1-11,株式会社永和,378109592678356,04/27,820040750328
佐々木,仁,ささき,ひとし,ササキ,ヒトシ,Sasaki,Hitoshi,42,1980-07-30,Male,A,hitoshisasaki_00136806@hotmaill.com,0798-62-4055,070-4799-7589,651-4036,兵庫県神戸市中央区山本通2-3-19,山口建設株式会社,3536984919575938,03/24,625719606482
矢野,秀樹,やの,ひでき,ヤノ,ヒデキ,Yano,Hideki,21,2001-07-01,Male,B,hideki_yano_46895632@hotmaill.com,093-191-5613,090-5356-9646,836-7103,福岡県福岡市東区多の津2丁目3番5号,有限会社リアライズ,376215857707723,06/24,807316255397
平岡,恵子,ひらおか,けいこ,ヒラオカ,ケイコ,Hiraoka,Keiko,77,1944-09-07,Female,A,keiko_hiraoka_51627379@gmail.com,03-5069-8747,070-4545-2031,120-2560,東京都中野区江古田1-2-20,,36850153910167,01/26,277656091837
森田,恵一,もりた,けいいち,モリタ,ケイイチ,Morita,Keiichi,27,1995-06-30,Male,AB,morita_630_03690256@hotmaill.com,0796-34-3665,090-3504-3989,661-4688,兵庫県神戸市灘区六甲町3-1-104,株式会社キノシタ,3568709906527142,08/22,129480636514
山田,明,やまだ,あきら,ヤマダ,アキラ,Yamada,Akira,56,1965-12-05,Male,A,yamadaakira_58468946@gmail.com,0949-61-3044,080-6121-0682,830-0222,福岡県福岡市博多区博多駅前1-3-22,株式会社ハーモニー,3543239434468064,11/26,992583385803
横田,健史,よこた,たけし,ヨコタ,タケシ,Yokota,Takeshi,58,1964-03-20,Unknown,A,takeshi_yokota_01782690@gmail.com,06-3434-3731,070-0586-1899,583-5422,大阪府大阪市天王寺区上汐1-5-21,株式会社ダイケン,4861584688244584,07/25,393574158453
門田,佳苗,かどた,かなえ,カドタ,カナエ,Kadota,Kanae,63,1958-11-05,Female,B,kanaekadota_80863054@gmail.com,03-1790-0733,050-5007-2099,130-6852,東京都台東区台東4丁目1番5号,,5193920116215000,10/23,699809930509
坂本,龍一,さかもと,りゅういち,サカモト,リュウイチ,Sakamoto,Ryuichi,37,1985-02-23,Male,A,sakamoto_223_14267789@gmail.com,0795-38-7921,070-8899-2116,652-0972,兵庫県神戸市兵庫区荒田町1-2-21,,36862568759543,10/26,625454346904
小出,貴夫,こいで,たかお,コイデ,タカオ,Koide,Takao,22,2000-03-30,Male,AB,koide330_68749569@gmail.com,0436-72-2182,050-6796-6031,272-1566,千葉県八千代市緑が丘1-1-203,株式会社大黒屋,379210172744268,06/23,569015498334
若山,千夏,わかやま,ちなつ,ワカヤマ,チナツ,Wakayama,Chinatsu,25,1996-08-13,Female,O,wakayamachinatsu_52584990@yahoo.co.jp,06-7601-8135,050-5194-4364,538-0487,大阪府東大阪市川田1丁目1番10号,有限会社フレンズ,5450887967753124,01/23,486420223129
泉,博,いずみ,ひろし,イズミ,ヒロシ,Izumi,Hiroshi,60,1962-07-18,Unknown,O,hiroshi_izumi_97784856@yahoo.co.jp,01558-8-0564,050-2032-9154,081-8906,北海道恵庭市大町3-2-19,,4021492448308789,03/23,539713698705
陣内,辰也,じんない,たつや,ジンナイ,タツヤ,Jinnai,Tatsuya,42,1980-01-13,Male,B,jinnai_tatsuya_50535915@hotmaill.com,0261-01-0251,070-0307-7431,384-9115,長野県長野市安茂里小市1-3-208,有限会社シャイン,5390957522757515,10/23,160194487409
佐藤,肇,さとう,はじめ,サトウ,ハジメ,Sato,Hajime,72,1949-10-12,Male,AB,sato1012_73816648@gmail.com,0561-80-6986,090-9266-0350,469-6299,愛知県名古屋市天白区土原3-4-206,,378948542672211,10/23,845116096455
佐々木,悠,ささき,ひさし,ササキ,ヒサシ,Sasaki,Yu,77,1944-08-12,Male,O,sasaki_yu_96112209@gmail.com,03-3929-3734,080-5852-1974,146-5132,東京都東久留米市幸町1丁目2番地3号,,4263339513490058,03/26,982479597470
大城,秀行,おおしろ,ひでゆき,オオシロ,ヒデユキ,Oshiro,Hideyuki,49,1973-04-29,Male,B,hideyukioshiro_33339282@gmail.com,03-5359-0070,070-9862-9445,134-6806,東京都中野区本町1-4-603,株式会社グローアップ,3529643345032711,02/27,497151042149
竹内,和巳,たけうち,かずみ,タケウチ,カズミ,Takeuchi,Kazumi,77,1945-03-14,Male,O,takeuchi314_54678459@gmail.com,03-8776-6551,080-8627-4837,144-0646,東京都港区六本木1丁目1番4号,,372480015986775,12/25,407422725205
儀間,俊彦,ぎま,としひこ,ギマ,トシヒコ,Gima,Toshihiko,68,1954-02-04,Male,B,gima_toshihiko_34444052@hotmaill.com,06-9584-1255,090-6703-0844,567-7665,大阪府大阪市東住吉区桑津3丁目3番地4号,,4262731482032872,05/23,686062734336
森,直毅,もり,なおき,モリ,ナオキ,Mori,Naoki,51,1970-08-17,Male,O,naoki_mori_11413816@yahoo.co.jp,0868-31-9266,050-2419-0305,709-5111,岡山県倉敷市児島駅前1丁目3番10号,株式会社T＆M,5180715527268118,03/23,593319100327
中野,菜津美,なかの,なつみ,ナカノ,ナツミ,Nakano,Natsumi,37,1985-04-06,Female,B,nakanonatsumi_82598140@gmail.com,03-1569-3834,080-0971-3810,166-6735,東京都中央区銀座1丁目3番3号,有限会社三和,379682214899559,04/25,287855112270
藤野,敏郎,ふじの,としろう,フジノ,トシロウ,Fujino,Toshiro,67,1955-07-12,Male,A,toshirofujino_75921885@hotmaill.com,03-4427-8330,090-5972-3630,130-4506,東京都中央区月島1-2-404,,5414215977188633,02/27,663062578474
中川,恭,なかがわ,きよし,ナカガワ,キヨシ,Nakagawa,Kyo,58,1963-08-10,Male,A,nakagawa810_70186947@gmail.com,03-6070-2498,080-6904-8072,205-8235,東京都杉並区荻窪2丁目2番地6号,ネクスト株式会社,30262008277782,08/26,419732094351
鵜飼,綾子,うかい,あやこ,ウカイ,アヤコ,Ukai,Ayako,63,1959-04-22,Female,A,ukaiayako_58222655@gmail.com,0162-88-4735,080-2658-9670,009-3979,北海道帯広市大通南1-1-3,,374929489017200,06/27,763796135771
平井,由香,ひらい,ゆか,ヒライ,ユカ,Hirai,Yuka,54,1967-11-12,Female,O,hirai_1112_81681643@gmail.com,01398-2-1111,080-5365-3904,087-8513,北海道恵庭市柏木町3-3-4,株式会社小林建設,3563658757155658,11/22,550859095712
内田,悟郎,うちだ,ごろう,ウチダ,ゴロウ,Uchida,Goro,42,1980-05-09,Male,B,uchidagoro_21742811@yahoo.co.jp,03-2884-4541,080-9335-6846,208-2887,東京都港区六本木3-2-18,株式会社GEN,5348046803920076,02/23,967976973826
藤田,佑也,ふじた,ゆうや,フジタ,ユウヤ,Fujita,Yuya,75,1946-10-20,Male,A,yuyafujita_97601611@hotmaill.com,03-2962-9602,080-0871-8601,160-7124,東京都中央区晴海1-1-8,,30142745145825,05/23,427650289904
小林,憲,こばやし,ただし,コバヤシ,タダシ,Kobayashi,Ken,28,1993-09-11,Male,A,ken_kobayashi_05765757@yahoo.co.jp,03-6638-1360,080-9091-1884,188-0663,東京都品川区北品川2-4-502,株式会社サンクス,5281302487287046,12/26,883855033681
品川,雄一郎,しながわ,ゆういちろう,シナガワ,ユウイチロウ,Shinagawa,Yuichiro,31,1991-04-13,Unknown,B,shinagawa413_89337620@hotmaill.com,0478-48-0917,050-6441-2403,261-5404,千葉県習志野市津田沼2-5-1204,株式会社大進,36838637784142,01/25,307845913690
天野,さおり,あまの,さおり,アマノ,サオリ,Amano,Saori,25,1997-04-05,Female,A,amano_saori_79519445@yahoo.co.jp,045-613-0503,090-7276-0415,258-8139,神奈川県横浜市南区南太田2-2-13,有限会社藤企画,5238010320129150,11/24,957031955605
小林,幹,こばやし,かん,コバヤシ,カン,Kobayashi,Miki,80,1942-06-20,Male,AB,kobayashi_miki_63647980@gmail.com,046-282-1759,090-8133-2868,244-6725,神奈川県厚木市森の里2-3-18,,30135241111697,10/25,637180357813
南出,道代,みなみで,みちよ,ミナミデ,ミチヨ,Minamide,Michiyo,36,1986-04-20,Unknown,O,minamide_420_42002052@yahoo.co.jp,0532-60-0708,050-2352-5486,484-9627,愛知県名古屋市瑞穂区岳見町1丁目3番5号,有限会社コスミック,36890565583673,09/22,156929910745
三宅,雅明,みやけ,まさあき,ミヤケ,マサアキ,Miyake,Masaaki,41,1981-01-07,Male,AB,masaakimiyake_98792242@gmail.com,0125-58-8057,070-6020-6674,056-2495,北海道北見市北一条西2-1-907,株式会社プロテクト,373328180623997,12/23,792749387193
二宮,美帆,にのみや,みほ,ニノミヤ,ミホ,Ninomiya,Miho,30,1992-07-31,Female,O,ninomiyamiho_33825470@hotmaill.com,048-240-3178,090-5306-3332,333-1429,埼玉県さいたま市浦和区高砂3丁目3番地5号,株式会社佐藤製作所,4335535459252766,11/22,233572592299
高井,薫,たかい,かおる,タカイ,カオル,Takai,Kaoru,77,1945-04-30,Male,A,kaorutakai_31850116@yahoo.co.jp,0478-94-8705,080-4565-1487,262-3617,千葉県市原市惣社3丁目3番6号,,5384275007285078,07/27,354191289532
渥美,佳代子,あつみ,かよこ,アツミ,カヨコ,Atsumi,Kayoko,30,1992-07-05,Female,B,atsumi_75_36248183@gmail.com,03-9909-0377,080-4588-8143,183-4925,東京都中野区上高田3-4-10,株式会社マスダ,3533994021069152,01/25,206211833081
宮崎,正哉,みやざき,まさや,ミヤザキ,マサヤ,Miyazaki,Masaya,52,1970-02-27,Male,A,miyazaki_masaya_23894853@gmail.com,0126-74-3188,090-7841-1456,066-3771,北海道旭川市東鷹栖東一条2丁目2番地8号,有限会社木村建設,5482208682539429,09/26,797364070433
宇佐美,大貴,うさみ,たいき,ウサミ,タイキ,Usami,Daiki,21,2000-12-26,Male,AB,usami_1226_35110684@yahoo.co.jp,082-653-9214,070-0417-5898,725-4513,広島県広島市西区庚午中2-2-207,株式会社アイディール,3548570906836403,06/27,751602663294
桐原,まなみ,きりはら,まなみ,キリハラ,マナミ,Kirihara,Manami,66,1955-08-30,Female,O,manami_kirihara_21615487@gmail.com,06-7014-0281,050-3187-1808,546-8534,大阪府大阪市中央区南久宝寺町1丁目2番10号,,36843371679235,07/24,802964572622
釘宮,修,くぎみや,おさむ,クギミヤ,オサム,Kugimiya,Osamu,36,1985-09-22,Unknown,O,kugimiyaosamu_24584102@gmail.com,043-796-2875,080-6840-6925,268-6985,千葉県浦安市北栄3-5-10,有限会社平成産業,5534695763794998,12/26,184690664732
真壁,雅也,まかべ,まさや,マカベ,マサヤ,Makabe,Masaya,50,1971-12-12,Male,A,masayamakabe_28235279@hotmaill.com,03-0619-9768,080-9675-6824,189-4554,東京都港区赤坂3-5-409,株式会社エール,4850435259682863,05/23,679579077983
清田,真弓,きよた,まゆみ,キヨタ,マユミ,Kiyota,Mayumi,56,1966-05-03,Female,B,kiyotamayumi_96422419@hotmaill.com,048-407-8531,080-2208-1503,347-7605,埼玉県さいたま市浦和区瀬ヶ崎2-1-8,有限会社マキ,30143407984584,05/25,468720642869
品川,哲雄,しながわ,てつお,シナガワ,テツオ,Shinagawa,Tetsuo,49,1973-02-11,Male,A,shinagawa_211_49648177@gmail.com,03-9323-5850,090-7480-0322,121-2296,東京都千代田区外神田2-1-503,有限会社夢工房,377187327380127,08/24,516882845024
久保,康,くぼ,やすし,クボ,ヤスシ,Kubo,Yasushi,56,1966-05-10,Male,A,kubo510_94271223@hotmaill.com,0544-73-8469,070-5466-7227,426-6507,静岡県磐田市今之浦3-3-809,株式会社ダイコー,4674347079812071,05/25,954300331029
野田,佳代子,のだ,かよこ,ノダ,カヨコ,Noda,Kayoko,53,1969-05-02,Female,A,noda_52_45110219@yahoo.co.jp,03-6365-3990,050-8463-4116,103-6491,東京都港区六本木3-2-18,,5364598640101723,07/24,808259760671
岡安,みき,おかやす,みき,オカヤス,ミキ,Okayasu,Miki,44,1977-09-25,Female,O,mikiokayasu_56197428@yahoo.co.jp,0585-64-2483,080-5402-1272,506-8617,岐阜県大垣市三本木2丁目3番10号,株式会社グランディール,370365577986770,08/23,215487207566
岡田,佳祐,おかだ,けいすけ,オカダ,ケイスケ,Okada,Keisuke,70,1952-03-17,Male,A,okada_keisuke_94943104@yahoo.co.jp,03-6724-6291,050-3897-3037,163-6525,東京都品川区大井1-2-506,,4875698575159830,07/27,957499467314
笠松,功一,かさまつ,こういち,カサマツ,コウイチ,Kasamatsu,Koichi,55,1966-10-30,Male,A,koichikasamatsu_26716636@hotmaill.com,01564-2-6195,090-9427-1917,074-1540,北海道札幌市中央区南二条西1-2-10,有限会社伊藤製作所,372881605030116,07/26,921262197164
白倉,有輝,しらくら,ゆうき,シラクラ,ユウキ,Shirakura,Yuki,66,1955-10-08,Male,B,yukishirakura_50838393@hotmaill.com,03-0248-3845,090-5806-1112,158-3351,東京都台東区蔵前2-2-9,,370868207424955,10/25,026526120212
佐藤,良治,さとう,りょうじ,サトウ,リョウジ,Sato,Ryoji,51,1971-05-19,Male,A,ryoji_sato_84569531@gmail.com,03-6765-5861,090-9267-5242,183-9689,東京都大田区中央4丁目3番7号,株式会社渡辺製作所,3531313174721372,12/26,576521137931
青木,梢,あおき,こずえ,アオキ,コズエ,Aoki,Kozue,80,1941-12-28,Female,O,aoki_kozue_40197634@yahoo.co.jp,03-0372-0428,090-3489-7846,164-6382,東京都港区虎ノ門3-2-1201,,5250138102222183,12/22,001406608162
安部,春夫,あべ,はるお,アベ,ハルオ,Abe,Haruo,47,1975-06-26,Male,O,abe_haruo_90121466@gmail.com,03-5078-4908,050-5008-5874,155-8748,東京都中央区築地1-3-108,株式会社フォルテ,3531508017665328,04/23,586086001807
山崎,哲夫,やまざき,てつお,ヤマザキ,テツオ,Yamazaki,Tetsuo,80,1942-07-10,Male,A,tetsuo_yamazaki_02162822@hotmaill.com,0229-84-9928,080-3046-5944,988-6217,宮城県石巻市門脇町4丁目2番5号,,5475052475884579,05/25,129978667271
権藤,貴文,ごんどう,たかふみ,ゴンドウ,タカフミ,Gondo,Takafumi,62,1960-01-13,Male,A,takafumi_gondo_09709509@yahoo.co.jp,0495-20-6080,080-9243-8795,360-5967,埼玉県川口市芝3丁目1番地9号,,36800850924235,04/24,069084111104
福田,優子,ふくだ,ゆうこ,フクダ,ユウコ,Fukuda,Yuko,29,1993-03-01,Female,AB,fukuda31_47913702@gmail.com,03-5906-2611,050-0907-6226,198-8320,東京都立川市栄町1-2-16,株式会社サンライフ,371996057229924,04/23,282157017913
大竹,達彦,おおたけ,たつひこ,オオタケ,タツヒコ,Otake,Tatsuhiko,44,1977-10-19,Male,B,tatsuhikootake_75856711@hotmaill.com,0794-54-1775,080-9445-5223,667-1985,兵庫県神戸市中央区八幡通3-1-9,有限会社金子商店,376602194608898,06/23,530852436335
本多,巌,ほんだ,いわお,ホンダ,イワオ,Honda,Iwao,43,1979-03-22,Male,A,iwaohonda_50381151@gmail.com,06-2071-8615,070-7435-0697,560-5427,大阪府大阪市旭区新森1丁目2番9号,有限会社ナカニシ,30248653865062,01/25,952787226273
野里,健,のざと,けん,ノザト,ケン,Nozato,Ken,25,1997-06-24,Male,O,nozato_ken_29611021@yahoo.co.jp,06-6098-2826,070-3396-8957,597-4994,大阪府八尾市美園町1-3-18,有限会社小林製作所,3532831495121856,08/24,051261447340
白澤,典子,しらさわ,のりこ,シラサワ,ノリコ,Shirasawa,Noriko,44,1978-01-12,Female,A,noriko_shirasawa_14753150@hotmaill.com,03-2680-3155,090-1662-3054,156-0130,東京都八王子市明神町2-2-19,有限会社光輝,3586155145098644,01/26,099425775789
清水,淳,しみず,じゅん,シミズ,ジュン,Shimizu,Jun,27,1995-02-12,Male,O,shimizu212_75610115@hotmaill.com,03-8700-1359,070-1015-1149,142-8299,東京都練馬区春日町2-5-603,,4828458235198076,05/23,243947996940
西田,秀明,にしだ,ひであき,ニシダ,ヒデアキ,Nishida,Hideaki,43,1979-04-20,Male,O,nishidahideaki_24173113@gmail.com,0946-23-9790,080-6975-2798,807-3675,福岡県福岡市博多区東月隈3-2-22,株式会社あすか,5287355864624409,07/26,922541012006
小田切,由衣,おだぎり,ゆい,オダギリ,ユイ,Odagiri,Yui,71,1951-05-24,Female,AB,odagiriyui_22269186@gmail.com,0797-01-9268,070-6027-8475,654-8402,兵庫県神戸市中央区生田町2-1-17,,30529849588126,11/23,344838993487
有賀,昭広,ありが,あきひろ,アリガ,アキヒロ,Ariga,Akihiro,30,1992-01-23,Male,A,ariga_123_12054658@hotmaill.com,03-0135-7471,090-9669-5688,202-4783,東京都港区新橋1-4-1109,株式会社昴,36852577389432,07/24,038438283525
石間,雅之,いしま,まさゆき,イシマ,マサユキ,Ishima,Masayuki,55,1966-12-08,Male,O,ishima_128_85204831@hotmaill.com,03-1734-7506,070-3638-1523,201-4889,東京都港区港南2丁目1番10号,株式会社STK,5549432362657571,12/22,845434116392
原,秀治,はら,しゅうじ,ハラ,シュウジ,Hara,Shuji,21,2001-04-18,Male,A,hara418_15689198@yahoo.co.jp,0463-34-8143,050-8300-1454,228-1757,神奈川県横浜市中区常盤町3-2-1205,株式会社中村製作所,379971194514639,11/23,745082323347
栗林,伸之,くりばやし,のぶゆき,クリバヤシ,ノブユキ,Kuribayashi,Nobuyuki,57,1965-05-06,Male,O,nobuyuki_kuribayashi_10607491@yahoo.co.jp,03-1297-4572,080-0537-1523,114-3617,東京都杉並区久我山1-3-15,株式会社YAMATO,36812123523504,02/26,574589767701
橋本,大輔,はしもと,だいすけ,ハシモト,ダイスケ,Hashimoto,Daisuke,26,1995-11-29,Male,B,daisuke_hashimoto_57860186@hotmaill.com,06-1897-8639,080-0382-8834,584-3163,大阪府大阪市東淀川区淡路2-1-5,株式会社ポラリス,36823563791568,06/23,746502889836
上村,善博,うえむら,よしひろ,ウエムラ,ヨシヒロ,Uemura,Yoshihiro,51,1970-11-26,Male,B,uemurayoshihiro_13451461@gmail.com,0165-21-0832,070-3258-1560,083-0451,北海道帯広市大通南3-4-505,有限会社アトラス,5437393467336344,09/22,190527768156
井上,千草,いのうえ,ちぐさ,イノウエ,チグサ,Inoue,Chigusa,42,1980-05-08,Female,O,inoue_chigusa_08115695@gmail.com,04-2508-8252,070-9356-8785,353-4151,埼玉県新座市栗原1-3-18,株式会社鈴木工務店,378751722374214,01/25,985711793735
加藤,真紀,かとう,まき,カトウ,マキ,Kato,Maki,32,1990-02-03,Female,A,kato23_70525855@hotmaill.com,01267-0-8678,070-0587-4591,098-7516,北海道苫小牧市柳町2-5-302,株式会社ビジョン,374041851823650,12/22,251640728720
武内,鉄平,たけうち,てっぺい,タケウチ,テッペイ,Takeuchi,Teppei,73,1948-11-04,Male,A,takeuchi114_14501055@hotmaill.com,0587-61-9313,050-5706-6750,488-7696,愛知県名古屋市北区西味鋺3-1-1004,,3566649053702670,05/25,803830780985
奈良,隆也,なら,たかや,ナラ,タカヤ,Nara,Takaya,39,1983-04-08,Male,A,nara_48_68397182@hotmaill.com,0494-68-2508,080-4908-9041,345-9742,埼玉県川口市元郷2-3-7,株式会社翔,3545081187881772,01/24,515656549084
中田,信晴,なかた,のぶはる,ナカタ,ノブハル,Nakata,Nobuharu,26,1996-03-12,Male,B,nakatanobuharu_55288566@hotmaill.com,0848-91-4626,070-8969-4503,734-9010,広島県広島市佐伯区五月が丘4丁目2番地7号,株式会社藤建,4116371508820782,11/24,231958454645
塩,佳奈美,しお,かなみ,シオ,カナミ,Shio,Kanami,49,1973-07-15,Female,A,shio_715_29751803@hotmaill.com,03-4015-2948,080-6442-5817,189-2805,東京都新宿区四谷3丁目1番地8号,株式会社ネオ,370327334916540,11/23,686980700509
奥村,幸夫,おくむら,ゆきお,オクムラ,ユキオ,Okumura,Yukio,55,1967-01-06,Unknown,B,okumura_16_58413672@yahoo.co.jp,03-5854-0263,050-7804-2858,138-8216,東京都目黒区下目黒3-5-13,株式会社インサイト,5215860909297142,07/25,294456492340
北澤,祐介,きたざわ,ゆうすけ,キタザワ,ユウスケ,Kitazawa,Yusuke,70,1952-06-14,Male,B,kitazawa614_48545019@gmail.com,0493-87-9100,070-3635-6265,352-0967,埼玉県さいたま市浦和区北浦和2-1-18,,5106157827474255,12/26,639594090498
三浦,丈明,みうら,たけあき,ミウラ,タケアキ,Miura,Takeaki,71,1951-02-21,Male,A,takeaki_miura_13871828@gmail.com,0796-63-4418,090-7074-4454,660-1524,兵庫県神戸市中央区磯辺通3丁目1番10号,,5553938806289857,04/25,391498767086
徳山,博久,とくやま,ひろひさ,トクヤマ,ヒロヒサ,Tokuyama,Hirohisa,42,1979-12-31,Male,B,tokuyamahirohisa_45005263@gmail.com,03-7518-1163,080-4039-6691,151-7088,東京都江戸川区船堀1丁目1番9号,有限会社フクダ,36816337134438,10/25,886337644676
木内,由美子,きうち,ゆみこ,キウチ,ユミコ,Kiuchi,Yumiko,72,1950-06-16,Female,O,kiuchi616_75577687@yahoo.co.jp,0480-97-2371,070-8719-6681,357-2361,埼玉県川口市南鳩ヶ谷1-1-16,,36880730776187,07/24,113304931921
酒井,美穂,さかい,みほ,サカイ,ミホ,Sakai,Miho,24,1998-06-04,Female,O,miho_sakai_55743166@hotmaill.com,0796-87-6455,090-2612-4070,668-0744,兵庫県神戸市兵庫区水木通2-2-9,株式会社シンエイ,3558303849907975,12/24,979469137437
嶋本,綾,しまもと,あや,シマモト,アヤ,Shimamoto,Aya,37,1985-04-08,Female,B,shimamotoaya_31805630@hotmaill.com,0144-27-2334,080-3745-8176,062-1170,北海道札幌市北区新琴似六条2-4-21,株式会社マルサン,3538328152714952,11/22,738621538160
塚田,肇,つかだ,はじめ,ツカダ,ハジメ,Tsukada,Hajime,37,1985-04-02,Male,O,tsukada42_20250179@yahoo.co.jp,042-522-7629,080-0421-0023,356-6673,埼玉県さいたま市浦和区針ヶ谷3-3-6,株式会社フラット,5147109106010517,08/23,410258990955
上杉,由佳,うえすぎ,ゆか,ウエスギ,ユカ,Uesugi,Yuka,80,1942-04-19,Female,A,yukauesugi_00976599@gmail.com,0291-32-7382,080-7778-7799,318-1905,茨城県龍ケ崎市南が丘3丁目3番8号,,5316903506679532,07/23,632663878987
山下,和樹,やました,かずき,ヤマシタ,カズキ,Yamashita,Kazuki,28,1994-06-21,Male,O,yamashita_621_09712986@gmail.com,0124-48-6917,050-8346-0476,008-3905,北海道苫小牧市ときわ町2丁目2番8号,株式会社プラスアルファ,376639205322838,07/23,073331998793
林,香苗,はやし,かなえ,ハヤシ,カナエ,Hayashi,Kanae,49,1973-03-07,Female,B,hayashikanae_77706227@yahoo.co.jp,06-4931-4065,080-9292-2260,566-6223,大阪府大阪市中央区谷町2丁目1番7号,有限会社共栄産業,373314472751936,05/27,667591621305
横尾,哲,よこお,さとし,ヨコオ,サトシ,Yokoo,Satoshi,28,1993-11-05,Male,A,satoshiyokoo_86808981@gmail.com,06-3073-0793,070-4701-0441,580-6747,大阪府大阪市中央区南船場3-4-1109,,379583396289462,12/22,222626814070
田嶋,芳樹,たじま,よしき,タジマ,ヨシキ,Tajima,Yoshiki,20,2002-01-15,Male,B,tajima_115_76049105@hotmaill.com,06-9410-9034,050-8317-3499,530-6346,大阪府大阪市東淀川区淡路4丁目1番地6号,株式会社アズ,378790404472839,06/24,061274707355
小畑,みほ,おばた,みほ,オバタ,ミホ,Obata,Miho,25,1997-05-21,Female,A,obata521_81538393@gmail.com,0467-67-1542,090-3717-5188,243-3212,神奈川県横須賀市大津町4丁目3番10号,有限会社サンライト,5369877162349604,04/27,328126956172
井上,健太,いのうえ,けんた,イノウエ,ケンタ,Inoue,Kenta,65,1957-01-13,Male,B,inoue_113_54157151@yahoo.co.jp,0475-88-4975,050-3797-7681,294-6049,千葉県市川市真間2丁目3番6号,,4500596272051313,01/25,338740063198
滝野,葵,たきの,あおい,タキノ,アオイ,Takino,Aoi,47,1975-07-26,Female,B,takino_726_92250401@yahoo.co.jp,082-513-8714,050-7577-7534,720-7037,広島県福山市曙町2-5-21,有限会社イマジン,4235509674061402,03/23,893842532951
財前,高久,ざいぜん,たかひさ,ザイゼン,タカヒサ,Zaizen,Takahisa,41,1980-12-24,Male,O,takahisazaizen_90180400@gmail.com,06-8481-9159,090-7702-1389,557-7072,大阪府大阪市北区西天満4丁目1番5号,有限会社中村,30384929224444,12/25,489010193795
田中,祐,たなか,ゆう,タナカ,ユウ,Tanaka,Yu,42,1980-03-27,Unknown,B,tanaka_327_69663153@yahoo.co.jp,03-0942-3357,050-3091-3931,182-8226,東京都港区新橋1丁目2番6号,株式会社佐々木工務店,372451279213644,03/24,886056478564
黒瀬,幸一,くろせ,こういち,クロセ,コウイチ,Kurose,Koichi,56,1965-08-13,Male,A,kurose_koichi_45670507@gmail.com,06-7732-2865,050-0007-7562,558-0352,大阪府大阪市北区天神橋3-1-13,有限会社フジヤ,375657806993832,01/24,607350404823
明,祐治,あきら,ゆうじ,アキラ,ユウジ,Akira,Yuji,60,1961-09-10,Male,O,akira_yuji_04145889@hotmaill.com,0896-34-9246,070-0817-4454,798-3202,愛媛県今治市小泉3丁目3番9号,,379070301317901,09/22,598517285300
岩井,裕彦,いわい,ひろひこ,イワイ,ヒロヒコ,Iwai,Hirohiko,33,1989-06-23,Male,O,iwai_623_57657256@yahoo.co.jp,03-4696-2761,080-1317-2088,149-6807,東京都中央区日本橋本町3-5-8,株式会社ポラリス,30310697798996,08/24,867550073580
齋藤,順子,さいとう,じゅんこ,サイトウ,ジュンコ,Saito,Junko,24,1998-01-07,Unknown,A,saito_junko_47995062@gmail.com,03-8536-2435,090-1058-9081,195-5597,東京都渋谷区本町3-5-706,株式会社ブロス,5579429041591471,11/26,217652777120
野田,智章,のだ,ともあき,ノダ,トモアキ,Noda,Tomoaki,71,1950-09-01,Male,AB,tomoakinoda_99071977@yahoo.co.jp,07468-7-7848,080-6464-1681,630-9048,奈良県奈良市芝辻町1丁目3番3号,,36857236597796,02/26,961456133126
依光,直子,よりみつ,なおこ,ヨリミツ,ナオコ,Yorimitsu,Naoko,68,1954-06-23,Female,A,yorimitsu623_95684080@hotmaill.com,03-1209-1298,050-7717-2000,208-4272,東京都世田谷区下馬3-1-15,,5451092839956067,07/27,651192415870
伊原,智之,いはら,ともゆき,イハラ,トモユキ,Ihara,Tomoyuki,44,1977-11-18,Male,A,ihara1118_10294833@hotmaill.com,06-3476-3476,050-4216-9435,572-9982,大阪府大阪市淀川区西三国3-2-7,有限会社ドリーム企画,3542064504471959,06/27,027852389562
内川,篤史,うちかわ,あつし,ウチカワ,アツシ,Uchikawa,Atsushi,56,1965-08-09,Unknown,A,uchikawaatsushi_13151807@yahoo.co.jp,03-6523-3513,050-5491-5999,112-5806,東京都世田谷区上馬1丁目1番7号,,36899441542357,01/26,654911594161
玉井,純代,たまい,すみよ,タマイ,スミヨ,Tamai,Sumiyo,79,1942-12-09,Female,A,tamaisumiyo_57651610@hotmaill.com,0791-05-8060,050-8908-6632,656-5359,兵庫県神戸市東灘区本山北町2-1-14,,30495341647002,12/24,527452616597
松本,碧,まつもと,みどり,マツモト,ミドリ,Matsumoto,Midori,80,1941-11-07,Female,O,midorimatsumoto_98210899@yahoo.co.jp,03-9499-6026,050-9872-1607,154-3028,東京都世田谷区世田谷1丁目3番5号,,5487807828643337,03/23,852018407821
前川,美香,まえかわ,みか,マエカワ,ミカ,Maekawa,Mika,23,1999-05-04,Female,B,mika_maekawa_85838863@hotmaill.com,03-5834-1446,050-7278-4237,154-5933,東京都中野区中野2丁目1番10号,,378017475370100,06/24,555388967651
馬場,さやか,ばば,さやか,ババ,サヤカ,Baba,Sayaka,52,1970-03-25,Female,A,baba325_38477583@gmail.com,03-5687-5463,090-3317-2780,181-8867,東京都中野区弥生町1-4-18,株式会社アンフィニ,4718733504738239,03/24,022585428004
畠山,紳一郎,はたけやま,しんいちろう,ハタケヤマ,シンイチロウ,Hatakeyama,Shinichiro,47,1975-03-15,Unknown,O,hatakeyamashinichiro_24618767@gmail.com,0260-74-9956,080-8876-9701,391-6850,長野県長野市吉田3-5-20,株式会社KRS,4555331088839030,05/23,314159139292
谷口,邦彦,たにぐち,くにひこ,タニグチ,クニヒコ,Taniguchi,Kunihiko,29,1992-11-17,Male,O,taniguchikunihiko_78406045@hotmaill.com,0966-24-8900,070-2942-5924,867-5353,熊本県熊本市西区蓮台寺2丁目2番6号,株式会社エイト,5132800193194050,07/27,337573571228
今井,聡,いまい,あきら,イマイ,アキラ,Imai,Satoshi,37,1985-07-20,Male,A,imai_satoshi_05896145@hotmaill.com,03-5986-1083,050-6149-6371,122-7637,東京都港区白金台1-5-22,株式会社松本組,3586115485268397,08/26,769482995871
明石,香織,あかし,かおり,アカシ,カオリ,Akashi,Kaori,30,1991-11-20,Female,A,akashi_1120_16800109@hotmaill.com,08388-7-0301,070-1347-7643,755-7850,山口県下関市後田町1-3-18,有限会社オクムラ,5373479264735014,12/22,454460351287
加藤,きよみ,かとう,きよみ,カトウ,キヨミ,Kato,Kiyomi,68,1953-09-13,Female,A,kato_913_94822964@gmail.com,0480-73-4274,070-9289-9266,335-7456,埼玉県越谷市七左町3丁目2番4号,,30254767475012,12/26,127233302376
北村,絵美,きたむら,えみ,キタムラ,エミ,Kitamura,Emi,24,1998-01-03,Female,B,kitamuraemi_53768409@hotmaill.com,06-0279-2289,050-7038-9988,580-9957,大阪府大阪市西区立売堀3丁目2番9号,有限会社グランディール,5539134379050046,04/27,033314748153
北畠,康宏,きたばたけ,やすひろ,キタバタケ,ヤスヒロ,Kitabatake,Yasuhiro,65,1957-03-14,Male,B,kitabatake_314_02913651@gmail.com,03-2697-8822,090-3959-4792,138-4694,東京都北区十条仲原1丁目1番地8号,,5477014728187786,06/25,810072055723
佐藤,駿,さとう,しゅん,サトウ,シュン,Sato,Shun,53,1968-08-18,Male,B,shun_sato_61488859@yahoo.co.jp,03-2029-5748,090-4352-1098,159-6689,東京都墨田区江東橋4丁目2番4号,,4282807928813590,06/23,004088593141
竹中,健太郎,たけなか,けんたろう,タケナカ,ケンタロウ,Takenaka,Kentaro,20,2002-04-27,Male,O,takenaka_427_01599490@yahoo.co.jp,06-3461-7523,070-8381-0836,543-7738,大阪府南河内郡河南町さくら坂3-1-22,株式会社レックス,4299190250039675,03/26,562822290165
藤原,淳一,ふじわら,じゅんいち,フジワラ,ジュンイチ,Fujiwara,Junichi,67,1954-09-28,Male,A,fujiwara928_61291629@yahoo.co.jp,03-5118-5179,090-2963-2536,196-2227,東京都港区新橋2-2-506,,3531347396569284,06/24,256005405666
市村,剛平,いちむら,たけひら,イチムラ,タケヒラ,Ichimura,Gohei,76,1945-11-19,Male,O,ichimura_gohei_52055491@gmail.com,0480-91-0443,090-0392-7252,337-6545,埼玉県久喜市栗橋東3-5-702,,3556866189388057,08/23,443039638729
山崎,栄太郎,やまざき,えいたろう,ヤマザキ,エイタロウ,Yamazaki,Eitaro,45,1977-04-10,Male,O,eitaro_yamazaki_48977914@gmail.com,03-9312-4150,080-9726-7731,167-9584,東京都足立区保木間3-4-7,,5563368929166014,03/26,193014642385
黒田,さやか,くろだ,さやか,クロダ,サヤカ,Kuroda,Sayaka,36,1986-03-12,Female,O,sayaka_kuroda_10225314@hotmaill.com,01456-8-0306,050-4920-9981,052-3434,北海道札幌市中央区北九条西2-2-20,株式会社プロテック,36889015254315,08/23,581074908180
近藤,正洋,こんどう,まさひろ,コンドウ,マサヒロ,Kondo,Masahiro,38,1983-10-26,Male,B,masahirokondo_26400510@yahoo.co.jp,0460-94-7773,050-8234-8667,214-8090,神奈川県川崎市多摩区西生田1-3-12,,3553714807411690,10/22,180352664624
中崎,沙織,なかざき,さおり,ナカザキ,サオリ,Nakazaki,Saori,40,1981-11-30,Female,A,saorinakazaki_37509752@hotmaill.com,0949-85-3707,090-1735-8760,805-3666,福岡県福岡市中央区渡辺通1-1-22,有限会社長谷川,5123022682830976,04/25,205527397392
渡部,達,わたなべ,とおる,ワタナベ,トオル,Watanabe,Toru,65,1956-12-01,Male,A,watanabetoru_13922792@gmail.com,0561-81-2734,090-3579-8110,471-7337,愛知県名古屋市中村区名駅2丁目3番5号,,3587204097302643,04/23,542804908894
高野,孝佳,たかの,たかよし,タカノ,タカヨシ,Takano,Takayoshi,29,1992-09-02,Male,A,takano92_92097932@hotmaill.com,03-7088-4651,070-2630-8700,197-1423,東京都渋谷区恵比寿4丁目1番地5号,株式会社SOL,5140408644646437,11/25,213427834720
藤田,秀幸,ふじた,ひでゆき,フジタ,ヒデユキ,Fujita,Hideyuki,62,1960-07-15,Male,O,fujita715_98818277@yahoo.co.jp,0547-18-0525,050-2453-7307,434-3873,静岡県静岡市駿河区登呂1丁目3番10号,,3546391950133239,07/26,900489973260
佐々木,達也,ささき,たつや,ササキ,タツヤ,Sasaki,Tatsuya,56,1966-03-13,Male,A,sasaki_313_12036705@hotmaill.com,03-2428-1547,090-9136-1048,118-8569,東京都世田谷区粕谷3丁目3番9号,中村工業株式会社,370459324395433,05/27,435334693178
小林,武史,こばやし,たけふみ,コバヤシ,タケフミ,Kobayashi,Takeshi,76,1946-06-13,Male,A,kobayashitakeshi_17963002@gmail.com,0550-68-3350,090-9272-1605,436-0616,静岡県浜松市浜北区染地台2-4-3,,372369619895740,07/27,223633200695
島田,郁子,しまだ,いくこ,シマダ,イクコ,Shimada,Ikuko,71,1951-05-10,Female,A,shimada510_33990631@yahoo.co.jp,06-2923-6141,090-8101-0978,593-4338,大阪府和泉市池上町2-5-6,,3551422892622401,07/27,348428658058
岡田,厚史,おかだ,あつし,オカダ,アツシ,Okada,Atsushi,45,1977-06-20,Male,O,okadaatsushi_45954157@hotmaill.com,03-5402-1658,070-6244-3800,169-1207,東京都文京区大塚2-3-18,,5447920319189170,12/23,467186521639
佐藤,譲二,さとう,じょうじ,サトウ,ジョウジ,Sato,Joji,63,1958-11-21,Male,O,sato_joji_38303165@yahoo.co.jp,03-1398-5526,080-8918-6411,127-5823,東京都世田谷区代田3-5-10,,3587547042180385,10/22,193617440051
宮本,妙子,みやもと,たえこ,ミヤモト,タエコ,Miyamoto,Taeko,46,1975-08-06,Female,O,miyamototaeko_05402812@yahoo.co.jp,0742-22-3128,050-5030-3191,630-5329,奈良県生駒市白庭台3丁目3番3号,株式会社アダチ,30038927859011,10/26,040518319320
岡部,寛幸,おかべ,ひろゆき,オカベ,ヒロユキ,Okabe,Hiroyuki,52,1970-01-13,Male,O,okabehiroyuki_32788461@hotmaill.com,03-9792-0066,070-1834-3752,173-8106,東京都港区赤坂3-2-22,有限会社タカハシ,5375821912123622,09/25,579010006285
広野,あやか,ひろの,あやか,ヒロノ,アヤカ,Hirono,Ayaka,52,1970-05-05,Female,O,hirono55_57543924@gmail.com,0795-06-1695,080-5563-9907,660-3445,兵庫県神戸市中央区北野町1-2-1003,有限会社吉祥,4784562413206148,06/23,826540814703
中山,怜,なかやま,れい,ナカヤマ,レイ,Nakayama,Rei,51,1971-04-30,Male,O,rei_nakayama_12927817@hotmaill.com,03-7605-7038,080-8722-0290,125-1429,東京都千代田区九段南1-5-20,,4594827498698794,12/24,050738565832
今別府,雅,いまべっぷ,まさし,イマベップ,マサシ,Imabeppu,Masashi,22,1999-10-30,Male,B,imabeppu1030_76948504@yahoo.co.jp,0279-63-8380,070-2560-6260,378-5707,群馬県桐生市本町1-5-902,株式会社M＆M,4068390604017919,12/25,287995191544
荒川,洋史,あらかわ,ひろふみ,アラカワ,ヒロフミ,Arakawa,Hiroshi,43,1979-06-24,Male,O,arakawa_624_10140460@yahoo.co.jp,0827-45-0946,080-0318-6822,735-5982,広島県広島市西区庚午中2-2-15,株式会社ハッピーライフ,3538625224680446,06/24,612281178038
山本,祐次,やまもと,ゆうじ,ヤマモト,ユウジ,Yamamoto,Yuji,68,1953-12-16,Male,O,yujiyamamoto_59215719@yahoo.co.jp,03-5025-9199,090-1442-4964,119-4010,東京都港区芝浦4丁目3番4号,,4946900572963122,10/24,994391444230
山下,隆幸,やました,たかゆき,ヤマシタ,タカユキ,Yamashita,Takayuki,54,1968-07-26,Male,O,yamashitatakayuki_26420243@hotmaill.com,0137-50-0870,080-4947-1729,062-2479,北海道札幌市西区発寒四条1-4-16,株式会社ミツワ,36864008752088,01/27,788261413252
坂野,大智,さかの,だいち,サカノ,ダイチ,Sakano,Daichi,75,1947-06-03,Male,B,daichisakano_34922942@yahoo.co.jp,03-1448-5740,080-8612-3488,106-9474,東京都品川区東五反田1-5-301,,3557972393300711,07/27,306748046447
松山,梨沙,まつやま,りさ,マツヤマ,リサ,Matsuyama,Risa,27,1995-06-21,Female,A,matsuyama_621_16041185@hotmaill.com,0226-09-7608,070-7813-4926,987-5802,宮城県仙台市若林区大和町3-4-207,有限会社フェイス,30292077740162,10/26,896832025520
野村,貴子,のむら,たかこ,ノムラ,タカコ,Nomura,Takako,44,1978-03-18,Female,O,takako_nomura_82060390@yahoo.co.jp,0947-91-1810,080-6105-3058,802-9767,福岡県福岡市博多区板付2-2-22,有限会社中央商事,377152752994552,02/27,884223867192
小野寺,享子,おのでら,きょうこ,オノデラ,キョウコ,Onodera,Kyoko,78,1944-01-28,Female,O,onodera_kyoko_34342673@gmail.com,0848-69-7545,080-0896-5519,739-2901,広島県福山市手城町3-1-3,,379654365187696,10/22,043697669923
田口,篤志,たぐち,あつし,タグチ,アツシ,Taguchi,Atsushi,33,1989-03-16,Male,O,taguchi316_12480941@gmail.com,0544-12-6477,050-6756-3990,430-0779,静岡県浜松市中区萩丘1-4-13,株式会社アクティス,5391630452087075,11/25,062070408720
伊藤,康浩,いとう,やすひろ,イトウ,ヤスヒロ,Ito,Yasuhiro,67,1954-12-01,Male,B,ito_yasuhiro_87866110@gmail.com,048-532-7693,050-8136-4730,349-7933,埼玉県さいたま市中央区下落合1-3-10,,4257699043919068,06/24,495956234785
杉山,淳二,すぎやま,じゅんじ,スギヤマ,ジュンジ,Sugiyama,Junji,70,1952-04-23,Male,O,sugiyama423_45142649@yahoo.co.jp,0478-91-1966,080-5658-5181,291-3913,千葉県佐倉市王子台4丁目3番9号,,3534250720372200,11/25,004980055332
松脇,智恵,まつわき,ちえ,マツワキ,チエ,Matsuwaki,Chie,47,1974-08-22,Female,B,matsuwaki_822_63618238@gmail.com,03-5430-8728,050-6818-2317,128-2674,東京都中央区銀座1丁目2番地10号,株式会社愛和,36881039164257,03/24,221972199709
伊賀,雄二郎,いが,ゆうじろう,イガ,ユウジロウ,Iga,Yujiro,66,1956-07-20,Male,O,yujiro_iga_73379940@gmail.com,095-267-9838,090-0629-1578,857-5414,長崎県長崎市女の都1-2-1102,,4725652798673749,07/25,654739124913
伊藤,政徳,いとう,まさのり,イトウ,マサノリ,Ito,Masanori,70,1952-06-10,Male,AB,ito610_29820761@yahoo.co.jp,03-3153-0401,070-4104-3537,135-3160,東京都新宿区北新宿3-4-20,,379325858248234,02/24,198243613811
寺井,美佳,てらい,みか,テライ,ミカ,Terai,Mika,57,1965-05-05,Female,A,terai_55_98401461@gmail.com,03-0213-0779,050-3818-3332,111-1246,東京都江戸川区南小岩3-4-1107,アクシス株式会社,30469611116493,06/24,290618697639
藤井,誠,ふじい,まこと,フジイ,マコト,Fujii,Makoto,34,1987-08-10,Male,B,makoto_fujii_43699054@hotmaill.com,03-6521-1939,070-6073-2017,149-0975,東京都中央区日本橋本町2-5-1104,株式会社長谷川商店,5410720121828558,08/25,078452687037
眞柄,義樹,まがら,よしき,マガラ,ヨシキ,Magara,Yoshiki,22,2000-07-22,Male,B,magara_yoshiki_39357548@hotmaill.com,03-0431-9711,080-8503-6011,186-1815,東京都国分寺市西町1-1-8,株式会社サンシャイン,5271862643724168,10/23,368238744846
小田,智徳,おだ,とものり,オダ,トモノリ,Oda,Tomonori,23,1999-01-02,Male,O,tomonori_oda_75892920@gmail.com,0749-60-3685,070-1695-7197,524-1753,滋賀県大津市松陽3丁目2番地8号,株式会社シンエイ,372821453742149,02/23,179834410427
古西,芳久,こにし,よしひさ,コニシ,ヨシヒサ,Konishi,Yoshihisa,63,1958-10-25,Male,A,yoshihisakonishi_55194349@gmail.com,042-231-4790,080-9826-5285,343-3074,埼玉県蕨市南町2-4-15,,30165381556724,07/26,223325906366
宮澤,裕一,みやざわ,ゆういち,ミヤザワ,ユウイチ,Miyazawa,Yuichi,50,1971-09-18,Male,B,miyazawa918_67166591@gmail.com,049-243-8107,050-1728-2508,363-6489,埼玉県川口市本町3丁目3番6号,有限会社モリタ,30186837028316,12/22,739475116041
片山,慎一,かたやま,しんいち,カタヤマ,シンイチ,Katayama,Shinichi,62,1960-02-03,Male,O,katayamashinichi_56668350@gmail.com,04-1901-0560,070-2963-9497,345-8497,埼玉県朝霞市膝折町1-3-109,,3568495313228611,11/23,956454617610
上田,花,うえだ,はな,ウエダ,ハナ,Ueda,Hana,21,2000-09-07,Female,O,hana_ueda_49909671@yahoo.co.jp,0946-55-9442,070-6562-3337,835-1073,福岡県北九州市小倉南区蒲生4丁目1番地4号,株式会社トキワ,5178247510120159,09/25,028632871050
植田,英明,うえだ,ひであき,ウエダ,ヒデアキ,Ueda,Hideaki,36,1986-07-06,Male,A,ueda_hideaki_70257706@yahoo.co.jp,0224-96-3554,080-3009-8939,984-7421,宮城県仙台市青葉区中央1-4-908,有限会社吉祥,4130937998044984,11/23,376406602834
近藤,謙一,こんどう,けんいち,コンドウ,ケンイチ,Kondo,Kenichi,43,1979-01-13,Male,O,kondo113_91735411@yahoo.co.jp,0581-83-5233,070-4877-4570,508-2780,岐阜県高山市桐生町3-1-10,有限会社イーグル,3589089650633015,05/26,292048510460
柳澤,博之,やなぎさわ,ひろゆき,ヤナギサワ,ヒロユキ,Yanagisawa,Hiroyuki,39,1983-04-10,Male,A,yanagisawa_hiroyuki_15056913@gmail.com,03-1267-2658,080-8256-5863,160-8978,東京都中央区銀座2-4-906,有限会社山下商事,374372406106147,07/24,591182402271
中村,結,なかむら,ゆい,ナカムラ,ユイ,Nakamura,Yui,41,1980-12-04,Female,O,nakamura124_87063703@yahoo.co.jp,06-8518-1119,070-7645-4165,570-7834,大阪府豊中市東泉丘1-2-504,株式会社コスミック,370161326906635,02/23,226261992416
花山,優希,はなやま,ゆき,ハナヤマ,ユキ,Hanayama,Yuki,30,1991-09-13,Male,A,yuki_hanayama_84327590@hotmaill.com,0436-68-2427,090-2733-7607,264-3932,千葉県市川市相之川1-1-3,株式会社プロテック,4988179150798692,07/26,501598509475
若山,謙,わかやま,けん,ワカヤマ,ケン,Wakayama,Ken,78,1944-07-15,Male,O,wakayama_715_63380272@gmail.com,0768-69-0468,080-0175-7129,925-7314,石川県能美市緑が丘3丁目3番5号,,3545766030644100,03/23,167861383441
小川,くみ,おがわ,くみ,オガワ,クミ,Ogawa,Kumi,75,1946-08-12,Female,A,kumiogawa_22275731@yahoo.co.jp,03-3674-8156,050-0770-4739,129-1641,東京都港区虎ノ門3-2-16,,3576097910377260,05/24,319410652079
有田,雅弘,ありた,まさひろ,アリタ,マサヒロ,Arita,Masahiro,77,1944-11-09,Male,B,masahiroarita_89480175@hotmaill.com,0536-74-1473,050-3026-4730,474-8819,愛知県岡崎市柱3-3-13,,3584487894083671,05/26,582072682610
馬場,道子,ばば,みちこ,ババ,ミチコ,Baba,Michiko,33,1988-08-20,Female,A,michiko_baba_02753152@hotmaill.com,0285-94-2759,050-4077-2974,329-5355,栃木県宇都宮市大通り1丁目3番8号,株式会社池田,5263672162017716,03/26,337623381506
武山,めぐみ,たけやま,めぐみ,タケヤマ,メグミ,Takeyama,Megumi,55,1967-05-31,Female,O,takeyama531_52613344@gmail.com,0947-31-1564,080-8021-6916,835-5988,福岡県北九州市小倉南区徳力1丁目3番8号,株式会社ブレーン,375602088154687,06/26,534378164758
大野,利幸,おおの,としゆき,オオノ,トシユキ,Ohno,Toshiyuki,40,1981-09-11,Male,A,ohno_911_54381326@gmail.com,03-4423-0355,080-2384-8665,176-4899,東京都新宿区四谷3-2-6,有限会社田中組,5543717857410247,09/23,048274435545
人見,梨奈,ひとみ,りな,ヒトミ,リナ,Hitomi,Rina,70,1951-10-26,Female,B,hitomi1026_97866686@hotmaill.com,0885-17-9072,050-1173-0072,775-8701,徳島県徳島市不動東町3-4-9,,4705909358546077,10/23,598157488735
丸田,到,まるた,いたる,マルタ,イタル,Maruta,Itaru,26,1995-12-12,Male,O,itarumaruta_00033827@yahoo.co.jp,0478-24-3823,070-1625-4363,288-3649,千葉県千葉市中央区松波1-3-807,有限会社ユーテック,3552978507303132,11/22,975315712581
新田,章夫,にった,あきお,ニッタ,アキオ,Nitta,Akio,77,1945-03-24,Male,B,akio_nitta_27925363@hotmaill.com,06-2796-3767,070-0891-0394,555-9817,大阪府大阪市中央区本町1-2-22,,3558791534305077,08/25,827426299331
田中,優子,たなか,ゆうこ,タナカ,ユウコ,Tanaka,Yuko,45,1977-04-28,Female,O,yuko_tanaka_62467218@yahoo.co.jp,03-3376-6954,070-6307-0800,153-8324,東京都豊島区東池袋2-5-703,,3560504056245183,01/24,274544523077
柴田,陽平,しばた,ようへい,シバタ,ヨウヘイ,Shibata,Yohei,43,1979-06-17,Male,B,shibata_yohei_40446584@hotmaill.com,0790-25-6399,070-0210-5379,659-2054,兵庫県神戸市垂水区坂上3丁目2番10号,有限会社山田商会,3544993124360044,11/25,259873971197
内山,あすみ,うちやま,あすみ,ウチヤマ,アスミ,Uchiyama,Asumi,21,2001-04-19,Female,A,uchiyama419_55253098@hotmaill.com,03-7055-0533,050-5163-6785,128-2889,東京都港区高輪1-1-8,有限会社リンクス,30451596248145,01/23,204557580748
太田,勇一,おおた,ゆういち,オオタ,ユウイチ,Ota,Yuichi,76,1946-08-01,Male,B,yuichi_ota_74831490@yahoo.co.jp,0465-14-6274,050-1968-3544,212-8340,神奈川県横浜市鶴見区鶴見中央3-5-7,,4226632575111059,10/22,499141679850
西村,裕也,にしむら,ゆうや,ニシムラ,ユウヤ,Nishimura,Yuya,20,2001-12-11,Male,AB,nishimura1211_86471300@hotmaill.com,0887-73-8890,050-6085-0727,783-5085,高知県高知市本町2-5-9,松本建設株式会社,3588099754337703,12/25,461242705707
斉藤,智朗,さいとう,ともあき,サイトウ,トモアキ,Saito,Tomoaki,35,1986-12-10,Male,B,tomoaki_saito_92851446@yahoo.co.jp,03-0183-9240,050-8224-7067,104-6020,東京都練馬区貫井2-5-12,有限会社光輝,4392144458641523,04/26,297759805707
山内,有,やまうち,ゆう,ヤマウチ,ユウ,Yamauchi,Yu,55,1967-06-13,Male,O,yuyamauchi_24960015@gmail.com,0586-68-2190,090-6968-5060,453-0743,愛知県名古屋市港区西川町1丁目3番地3号,株式会社優,3577134177648973,08/26,431845739030
川辺,渉,かわべ,わたる,カワベ,ワタル,Kawabe,Wataru,62,1959-11-13,Male,A,watarukawabe_84291862@gmail.com,06-6117-1677,050-6939-4723,549-6558,大阪府大阪市生野区生野西2丁目3番地4号,,4024879531710060,12/24,814401867861
甲斐,俊治,かい,しゅんじ,カイ,シュンジ,Kai,Toshiharu,64,1957-12-13,Male,O,toshiharukai_55395257@yahoo.co.jp,03-5817-4560,080-6197-8097,144-4352,東京都目黒区駒場1-3-9,,30479600932289,06/23,165709386653
岡田,和也,おかだ,かずや,オカダ,カズヤ,Okada,Kazuya,73,1949-06-10,Male,A,okada_610_28270507@hotmaill.com,0223-56-1681,080-9273-3003,980-5059,宮城県仙台市青葉区一番町2丁目1番地3号,,3531203073246797,07/25,043341799571
吉岡,恵美子,よしおか,えみこ,ヨシオカ,エミコ,Yoshioka,Emiko,38,1983-11-07,Female,B,yoshioka117_48715575@gmail.com,03-2284-6205,050-3275-0784,105-7432,東京都港区六本木1-1-16,株式会社マイスター,36827736723770,01/27,480307402620
立石,友美,たていし,ゆみ,タテイシ,ユミ,Tateishi,Tomomi,69,1953-06-19,Female,B,tateishi619_94674692@hotmaill.com,03-1919-4877,080-9405-1657,149-8080,東京都練馬区田柄3-3-13,,376850057036596,04/23,658980916559
山田,和貴,やまだ,かずき,ヤマダ,カズキ,Yamada,Kazutaka,20,2001-09-22,Male,O,yamada_922_79977477@yahoo.co.jp,03-1792-0709,080-8039-6858,157-3549,東京都調布市国領町2-1-602,株式会社クロスロード,4958624287933353,08/22,471376597566
山田,謙,やまだ,けん,ヤマダ,ケン,Yamada,Ken,49,1972-09-24,Male,O,yamada_ken_30688948@gmail.com,0946-21-0861,070-1444-7051,807-4733,福岡県福岡市博多区竹下3丁目2番3号,有限会社エム企画,5225214941737426,12/24,503460946184
渡辺,麻衣子,わたなべ,まいこ,ワタナベ,マイコ,Watanabe,Maiko,45,1977-05-19,Female,B,watanabe_maiko_09217307@yahoo.co.jp,03-4280-1403,070-0026-1794,111-2930,東京都杉並区下高井戸3-4-15,株式会社シーテック,36892595695402,07/25,134460684729
鈴木,直樹,すずき,なおき,スズキ,ナオキ,Suzuki,Naoki,71,1950-10-20,Male,B,suzuki_1020_90264790@gmail.com,03-9444-2269,050-9862-4725,148-0474,東京都台東区台東1-4-20,,371802111623179,02/27,086379436767
平良,康弘,たいら,やすひろ,タイラ,ヤスヒロ,Taira,Yasuhiro,36,1986-04-05,Male,B,yasuhirotaira_84483232@yahoo.co.jp,0243-70-2868,090-4713-2745,970-0983,福島県郡山市緑ケ丘東3-2-20,有限会社田中商店,378246604972235,03/26,827912628541
中川,善之,なかがわ,よしゆき,ナカガワ,ヨシユキ,Nakagawa,Yoshiyuki,62,1959-10-25,Male,AB,yoshiyukinakagawa_08833094@yahoo.co.jp,0226-38-1979,080-2393-1560,984-6252,宮城県仙台市青葉区一番町3丁目2番地5号,,36876459682556,04/26,954658859530
